CREATE DATABASE  IF NOT EXISTS `uscf` /*!40100 DEFAULT CHARACTER SET latin1 */;
USE `uscf`;
-- MySQL dump 10.13  Distrib 8.0.34, for Win64 (x86_64)
--
-- Host: 127.0.0.1    Database: uscf
-- ------------------------------------------------------
-- Server version	5.7.44-log

/*!40101 SET @OLD_CHARACTER_SET_CLIENT=@@CHARACTER_SET_CLIENT */;
/*!40101 SET @OLD_CHARACTER_SET_RESULTS=@@CHARACTER_SET_RESULTS */;
/*!40101 SET @OLD_COLLATION_CONNECTION=@@COLLATION_CONNECTION */;
/*!50503 SET NAMES utf8 */;
/*!40103 SET @OLD_TIME_ZONE=@@TIME_ZONE */;
/*!40103 SET TIME_ZONE='+00:00' */;
/*!40014 SET @OLD_UNIQUE_CHECKS=@@UNIQUE_CHECKS, UNIQUE_CHECKS=0 */;
/*!40014 SET @OLD_FOREIGN_KEY_CHECKS=@@FOREIGN_KEY_CHECKS, FOREIGN_KEY_CHECKS=0 */;
/*!40101 SET @OLD_SQL_MODE=@@SQL_MODE, SQL_MODE='NO_AUTO_VALUE_ON_ZERO' */;
/*!40111 SET @OLD_SQL_NOTES=@@SQL_NOTES, SQL_NOTES=0 */;

--
-- Table structure for table `account`
--

DROP TABLE IF EXISTS `account`;
/*!40101 SET @saved_cs_client     = @@character_set_client */;
/*!50503 SET character_set_client = utf8mb4 */;
CREATE TABLE `account` (
  `id` bigint(20) NOT NULL AUTO_INCREMENT,
  `name` varchar(60) NOT NULL,
  `balance` decimal(10,2) NOT NULL,
  `created` datetime(6) NOT NULL,
  `updated` datetime(6) NOT NULL,
  PRIMARY KEY (`id`)
) ENGINE=InnoDB AUTO_INCREMENT=14 DEFAULT CHARSET=latin1;
/*!40101 SET character_set_client = @saved_cs_client */;

--
-- Dumping data for table `account`
--

LOCK TABLES `account` WRITE;
/*!40000 ALTER TABLE `account` DISABLE KEYS */;
INSERT INTO `account` VALUES (12,'Main',100.00,'2024-10-27 13:13:27.716256','2024-10-28 15:58:58.831658'),(13,'Fee',100.00,'2024-10-27 13:13:27.716256','2024-10-28 15:58:58.831658');
/*!40000 ALTER TABLE `account` ENABLE KEYS */;
UNLOCK TABLES;

--
-- Table structure for table `auth_group`
--

DROP TABLE IF EXISTS `auth_group`;
/*!40101 SET @saved_cs_client     = @@character_set_client */;
/*!50503 SET character_set_client = utf8mb4 */;
CREATE TABLE `auth_group` (
  `id` int(11) NOT NULL AUTO_INCREMENT,
  `name` varchar(150) NOT NULL,
  PRIMARY KEY (`id`),
  UNIQUE KEY `name` (`name`)
) ENGINE=InnoDB DEFAULT CHARSET=latin1;
/*!40101 SET character_set_client = @saved_cs_client */;

--
-- Dumping data for table `auth_group`
--

LOCK TABLES `auth_group` WRITE;
/*!40000 ALTER TABLE `auth_group` DISABLE KEYS */;
/*!40000 ALTER TABLE `auth_group` ENABLE KEYS */;
UNLOCK TABLES;

--
-- Table structure for table `auth_group_permissions`
--

DROP TABLE IF EXISTS `auth_group_permissions`;
/*!40101 SET @saved_cs_client     = @@character_set_client */;
/*!50503 SET character_set_client = utf8mb4 */;
CREATE TABLE `auth_group_permissions` (
  `id` bigint(20) NOT NULL AUTO_INCREMENT,
  `group_id` int(11) NOT NULL,
  `permission_id` int(11) NOT NULL,
  PRIMARY KEY (`id`),
  UNIQUE KEY `auth_group_permissions_group_id_permission_id_0cd325b0_uniq` (`group_id`,`permission_id`),
  KEY `auth_group_permissio_permission_id_84c5c92e_fk_auth_perm` (`permission_id`),
  CONSTRAINT `auth_group_permissio_permission_id_84c5c92e_fk_auth_perm` FOREIGN KEY (`permission_id`) REFERENCES `auth_permission` (`id`),
  CONSTRAINT `auth_group_permissions_group_id_b120cbf9_fk_auth_group_id` FOREIGN KEY (`group_id`) REFERENCES `auth_group` (`id`)
) ENGINE=InnoDB DEFAULT CHARSET=latin1;
/*!40101 SET character_set_client = @saved_cs_client */;

--
-- Dumping data for table `auth_group_permissions`
--

LOCK TABLES `auth_group_permissions` WRITE;
/*!40000 ALTER TABLE `auth_group_permissions` DISABLE KEYS */;
/*!40000 ALTER TABLE `auth_group_permissions` ENABLE KEYS */;
UNLOCK TABLES;

--
-- Table structure for table `auth_permission`
--

DROP TABLE IF EXISTS `auth_permission`;
/*!40101 SET @saved_cs_client     = @@character_set_client */;
/*!50503 SET character_set_client = utf8mb4 */;
CREATE TABLE `auth_permission` (
  `id` int(11) NOT NULL AUTO_INCREMENT,
  `name` varchar(255) NOT NULL,
  `content_type_id` int(11) NOT NULL,
  `codename` varchar(100) NOT NULL,
  PRIMARY KEY (`id`),
  UNIQUE KEY `auth_permission_content_type_id_codename_01ab375a_uniq` (`content_type_id`,`codename`),
  CONSTRAINT `auth_permission_content_type_id_2f476e4b_fk_django_co` FOREIGN KEY (`content_type_id`) REFERENCES `django_content_type` (`id`)
) ENGINE=InnoDB AUTO_INCREMENT=101 DEFAULT CHARSET=latin1;
/*!40101 SET character_set_client = @saved_cs_client */;

--
-- Dumping data for table `auth_permission`
--

LOCK TABLES `auth_permission` WRITE;
/*!40000 ALTER TABLE `auth_permission` DISABLE KEYS */;
INSERT INTO `auth_permission` VALUES (1,'Can add log entry',1,'add_logentry'),(2,'Can change log entry',1,'change_logentry'),(3,'Can delete log entry',1,'delete_logentry'),(4,'Can view log entry',1,'view_logentry'),(5,'Can add permission',2,'add_permission'),(6,'Can change permission',2,'change_permission'),(7,'Can delete permission',2,'delete_permission'),(8,'Can view permission',2,'view_permission'),(9,'Can add group',3,'add_group'),(10,'Can change group',3,'change_group'),(11,'Can delete group',3,'delete_group'),(12,'Can view group',3,'view_group'),(13,'Can add content type',4,'add_contenttype'),(14,'Can change content type',4,'change_contenttype'),(15,'Can delete content type',4,'delete_contenttype'),(16,'Can view content type',4,'view_contenttype'),(17,'Can add session',5,'add_session'),(18,'Can change session',5,'change_session'),(19,'Can delete session',5,'delete_session'),(20,'Can view session',5,'view_session'),(21,'Can add level',6,'add_level'),(22,'Can change level',6,'change_level'),(23,'Can delete level',6,'delete_level'),(24,'Can view level',6,'view_level'),(25,'Can add user',7,'add_user'),(26,'Can change user',7,'change_user'),(27,'Can delete user',7,'delete_user'),(28,'Can view user',7,'view_user'),(29,'Can add unit',8,'add_unit'),(30,'Can change unit',8,'change_unit'),(31,'Can delete unit',8,'delete_unit'),(32,'Can view unit',8,'view_unit'),(33,'Can add department',9,'add_department'),(34,'Can change department',9,'change_department'),(35,'Can delete department',9,'delete_department'),(36,'Can view department',9,'view_department'),(37,'Can add programme',10,'add_programme'),(38,'Can change programme',10,'change_programme'),(39,'Can delete programme',10,'delete_programme'),(40,'Can view programme',10,'view_programme'),(41,'Can add student',11,'add_student'),(42,'Can change student',11,'change_student'),(43,'Can delete student',11,'delete_student'),(44,'Can view student',11,'view_student'),(45,'Can add student committee',12,'add_studentcommittee'),(46,'Can change student committee',12,'change_studentcommittee'),(47,'Can delete student committee',12,'delete_studentcommittee'),(48,'Can view student committee',12,'view_studentcommittee'),(49,'Can add committee',13,'add_committee'),(50,'Can change committee',13,'change_committee'),(51,'Can delete committee',13,'delete_committee'),(52,'Can view committee',13,'view_committee'),(53,'Can add year',14,'add_year'),(54,'Can change year',14,'change_year'),(55,'Can delete year',14,'delete_year'),(56,'Can view year',14,'view_year'),(57,'Can add position',15,'add_position'),(58,'Can change position',15,'change_position'),(59,'Can delete position',15,'delete_position'),(60,'Can view position',15,'view_position'),(61,'Can add semister',16,'add_semister'),(62,'Can change semister',16,'change_semister'),(63,'Can delete semister',16,'delete_semister'),(64,'Can view semister',16,'view_semister'),(65,'Can add semester',17,'add_semester'),(66,'Can change semester',17,'change_semester'),(67,'Can delete semester',17,'delete_semester'),(68,'Can view semester',17,'view_semester'),(69,'Can add bill',18,'add_bill'),(70,'Can change bill',18,'change_bill'),(71,'Can delete bill',18,'delete_bill'),(72,'Can view bill',18,'view_bill'),(73,'Can add student bill',19,'add_studentbill'),(74,'Can change student bill',19,'change_studentbill'),(75,'Can delete student bill',19,'delete_studentbill'),(76,'Can view student bill',19,'view_studentbill'),(77,'Can add student bill payment',20,'add_studentbillpayment'),(78,'Can change student bill payment',20,'change_studentbillpayment'),(79,'Can delete student bill payment',20,'delete_studentbillpayment'),(80,'Can view student bill payment',20,'view_studentbillpayment'),(81,'Can add account',21,'add_account'),(82,'Can change account',21,'change_account'),(83,'Can delete account',21,'delete_account'),(84,'Can view account',21,'view_account'),(85,'Can add Event Collection',22,'add_eventcollection'),(86,'Can change Event Collection',22,'change_eventcollection'),(87,'Can delete Event Collection',22,'delete_eventcollection'),(88,'Can view Event Collection',22,'view_eventcollection'),(89,'Can add Event',23,'add_event'),(90,'Can change Event',23,'change_event'),(91,'Can delete Event',23,'delete_event'),(92,'Can view Event',23,'view_event'),(93,'Can add Event Committee',24,'add_eventcommittee'),(94,'Can change Event Committee',24,'change_eventcommittee'),(95,'Can delete Event Committee',24,'delete_eventcommittee'),(96,'Can view Event Committee',24,'view_eventcommittee'),(97,'Can add Event Bill',25,'add_eventbill'),(98,'Can change Event Bill',25,'change_eventbill'),(99,'Can delete Event Bill',25,'delete_eventbill'),(100,'Can view Event Bill',25,'view_eventbill');
/*!40000 ALTER TABLE `auth_permission` ENABLE KEYS */;
UNLOCK TABLES;

--
-- Table structure for table `bill`
--

DROP TABLE IF EXISTS `bill`;
/*!40101 SET @saved_cs_client     = @@character_set_client */;
/*!50503 SET character_set_client = utf8mb4 */;
CREATE TABLE `bill` (
  `id` bigint(20) NOT NULL AUTO_INCREMENT,
  `name` varchar(60) NOT NULL,
  `amount` decimal(10,2) NOT NULL,
  `created` datetime(6) NOT NULL,
  `updated` datetime(6) NOT NULL,
  `semester_id` bigint(20) NOT NULL,
  PRIMARY KEY (`id`),
  UNIQUE KEY `bill_semester_id_name_fc502117_uniq` (`semester_id`,`name`),
  CONSTRAINT `bill_semester_id_36104099_fk_semester_id` FOREIGN KEY (`semester_id`) REFERENCES `semester` (`id`)
) ENGINE=InnoDB AUTO_INCREMENT=9 DEFAULT CHARSET=latin1;
/*!40101 SET character_set_client = @saved_cs_client */;

--
-- Dumping data for table `bill`
--

LOCK TABLES `bill` WRITE;
/*!40000 ALTER TABLE `bill` DISABLE KEYS */;
INSERT INTO `bill` VALUES (8,'Fee',5000.00,'2024-10-27 12:07:56.657547','2024-10-27 12:07:56.657547',1);
/*!40000 ALTER TABLE `bill` ENABLE KEYS */;
UNLOCK TABLES;

--
-- Table structure for table `committee`
--

DROP TABLE IF EXISTS `committee`;
/*!40101 SET @saved_cs_client     = @@character_set_client */;
/*!50503 SET character_set_client = utf8mb4 */;
CREATE TABLE `committee` (
  `id` bigint(20) NOT NULL AUTO_INCREMENT,
  `name` varchar(150) NOT NULL,
  `abb` varchar(15) DEFAULT NULL,
  `created` datetime(6) NOT NULL,
  `updated` datetime(6) NOT NULL,
  PRIMARY KEY (`id`),
  UNIQUE KEY `name` (`name`),
  UNIQUE KEY `committee_name_abb_74feedda_uniq` (`name`,`abb`)
) ENGINE=InnoDB AUTO_INCREMENT=9 DEFAULT CHARSET=latin1;
/*!40101 SET character_set_client = @saved_cs_client */;

--
-- Dumping data for table `committee`
--

LOCK TABLES `committee` WRITE;
/*!40000 ALTER TABLE `committee` DISABLE KEYS */;
INSERT INTO `committee` VALUES (1,'UICT','UICT','2024-10-22 16:15:55.000000','2024-10-22 16:15:55.000000'),(2,'PRAISE AND WORSHIP TEAM','PRAISE','2024-10-22 16:15:55.000000','2024-10-22 16:15:55.000000'),(3,'Good Samaritan','Samaritan','2024-10-22 16:15:55.000000','2024-10-24 13:01:37.634863'),(4,'Prayer','Prayer','2024-10-22 16:15:55.000000','2024-10-22 16:15:55.000000'),(5,'MAPAMBO','MAPAMBO','2024-10-22 16:15:55.000000','2024-10-22 16:15:55.000000'),(6,'MUSIC INSTRUMENTS','MUSIC','2024-10-22 16:15:55.000000','2024-10-22 16:15:55.000000'),(7,'UJASIRIAMALI & MIRADI','UJASIRIAMALI','2024-10-22 16:15:55.000000','2024-10-22 16:15:55.000000'),(8,'SPORTS & TALENTS','SPORTS','2024-10-22 16:15:55.000000','2024-10-22 16:15:55.000000');
/*!40000 ALTER TABLE `committee` ENABLE KEYS */;
UNLOCK TABLES;

--
-- Table structure for table `department`
--

DROP TABLE IF EXISTS `department`;
/*!40101 SET @saved_cs_client     = @@character_set_client */;
/*!50503 SET character_set_client = utf8mb4 */;
CREATE TABLE `department` (
  `id` bigint(20) NOT NULL AUTO_INCREMENT,
  `name` varchar(100) NOT NULL,
  `abb` varchar(20) NOT NULL,
  `created` datetime(6) NOT NULL,
  `updated` datetime(6) NOT NULL,
  `unit_id` bigint(20) NOT NULL,
  PRIMARY KEY (`id`),
  UNIQUE KEY `name` (`name`),
  UNIQUE KEY `department_name_abb_eb2d0910_uniq` (`name`,`abb`),
  KEY `department_unit_id_29fc03bf_fk_unit_id` (`unit_id`),
  CONSTRAINT `department_unit_id_29fc03bf_fk_unit_id` FOREIGN KEY (`unit_id`) REFERENCES `unit` (`id`)
) ENGINE=InnoDB AUTO_INCREMENT=30 DEFAULT CHARSET=latin1;
/*!40101 SET character_set_client = @saved_cs_client */;

--
-- Dumping data for table `department`
--

LOCK TABLES `department` WRITE;
/*!40000 ALTER TABLE `department` DISABLE KEYS */;
INSERT INTO `department` VALUES (1,'computing science studies','CSS','2024-10-22 15:30:59.000000','2024-10-22 15:50:01.323122',1),(2,'ENGINEERING MANAGEMENT STUDIES','EMS','2024-10-22 15:30:59.000000','2024-10-22 15:30:59.000000',1),(3,'MATHEMATICS AND STATISTICS STUDIES','MSS','2024-10-22 15:30:59.000000','2024-10-22 15:30:59.000000',1),(15,'CONSTITUTIONAL AND ADMINISTRATIVE LAW','CAL','2024-10-22 15:30:59.000000','2024-10-22 15:30:59.000000',2),(16,'ECONOMIC LAW','EL','2024-10-22 15:30:59.000000','2024-10-22 15:30:59.000000',2),(17,'INTERNATIONAL LAW','IL','2024-10-22 15:30:59.000000','2024-10-22 15:30:59.000000',2),(18,'CIVIL AND CRIMINAL LAW','CCL','2024-10-22 15:30:59.000000','2024-10-22 15:30:59.000000',2),(19,'DEPARTMENT OF PUBLIC SERVICES AND HUMAN RESOURCE MANAGEMENT','PSHR','2024-10-22 15:30:59.000000','2024-10-22 15:30:59.000000',5),(20,'DEPARTMENT OF LOCAL GOVERNMENT MANAGEMENT','DLGM','2024-10-22 15:30:59.000000','2024-10-22 15:30:59.000000',5),(21,'DEPARTMENT OF HEALTH SYSTEMS MANAGEMENT','DHSM','2024-10-22 15:30:59.000000','2024-10-22 15:30:59.000000',5),(22,'CENTER FOR POLICY AND LEADERSHIP','CEPOLE','2024-10-22 15:30:59.000000','2024-10-22 15:30:59.000000',5),(23,'DEPARTMENT OF ACCOUNTING AND FINANCE','DAF','2024-10-22 15:30:59.000000','2024-10-22 15:30:59.000000',4),(24,'DEPARTMENT OF PROCUREMENT AND LOGISTICS MANAGEMENT','DPLM','2024-10-22 15:30:59.000000','2024-10-22 15:30:59.000000',4),(25,'DEPARTMENT OF MARKETING AND ENTREPRENEURSHIP','DME','2024-10-22 15:30:59.000000','2024-10-22 15:30:59.000000',4),(26,'DEPARTMENT OF ECONOMICS','DEPARTMENT OF ECONOM','2024-10-22 15:30:59.000000','2024-10-22 15:30:59.000000',3),(27,'LANGUAGES AND COMMUNICATION STUDIES','LCS','2024-10-22 15:30:59.000000','2024-10-22 15:30:59.000000',3),(28,'EDUCATIONAL FOUNDATIONS AND TEACHING MANAGEMENT','EFTM','2024-10-22 15:30:59.000000','2024-10-22 15:30:59.000000',3),(29,'CENTRE FOR POPULATION STUDIES','DCPS','2024-10-22 15:30:59.000000','2024-10-22 15:30:59.000000',3);
/*!40000 ALTER TABLE `department` ENABLE KEYS */;
UNLOCK TABLES;

--
-- Table structure for table `django_admin_log`
--

DROP TABLE IF EXISTS `django_admin_log`;
/*!40101 SET @saved_cs_client     = @@character_set_client */;
/*!50503 SET character_set_client = utf8mb4 */;
CREATE TABLE `django_admin_log` (
  `id` int(11) NOT NULL AUTO_INCREMENT,
  `action_time` datetime(6) NOT NULL,
  `object_id` longtext,
  `object_repr` varchar(200) NOT NULL,
  `action_flag` smallint(5) unsigned NOT NULL,
  `change_message` longtext NOT NULL,
  `content_type_id` int(11) DEFAULT NULL,
  `user_id` bigint(20) NOT NULL,
  PRIMARY KEY (`id`),
  KEY `django_admin_log_content_type_id_c4bce8eb_fk_django_co` (`content_type_id`),
  KEY `django_admin_log_user_id_c564eba6_fk_registration_user_id` (`user_id`),
  CONSTRAINT `django_admin_log_content_type_id_c4bce8eb_fk_django_co` FOREIGN KEY (`content_type_id`) REFERENCES `django_content_type` (`id`),
  CONSTRAINT `django_admin_log_user_id_c564eba6_fk_registration_user_id` FOREIGN KEY (`user_id`) REFERENCES `user` (`id`)
) ENGINE=InnoDB AUTO_INCREMENT=682 DEFAULT CHARSET=latin1;
/*!40101 SET character_set_client = @saved_cs_client */;

--
-- Dumping data for table `django_admin_log`
--

LOCK TABLES `django_admin_log` WRITE;
/*!40000 ALTER TABLE `django_admin_log` DISABLE KEYS */;
INSERT INTO `django_admin_log` VALUES (1,'2024-10-24 07:55:29.103939','3','lugano.mwakapuku',3,'',7,2),(2,'2024-10-24 07:56:56.617825','5','lugano.mwakapuku',3,'',7,2),(3,'2024-10-26 13:42:34.515628','8','luganod.mwakapukur',3,'',7,2),(4,'2024-10-26 13:42:34.515628','7','luganoe.mwakapukue',3,'',7,2),(5,'2024-10-26 13:46:33.299282','1','semester 1-2024/2025',2,'[{\"changed\": {\"fields\": [\"Is current\"]}}]',17,2),(6,'2024-10-26 13:46:43.113165','9','luganod.mwakapukur',3,'',7,2),(7,'2024-10-26 13:47:14.896653','10','luganod.mwakapukur',3,'',7,2),(8,'2024-10-26 13:48:44.548468','11','luganod.mwakapukur',3,'',7,2),(9,'2024-10-26 14:28:46.871166','3','5000.00',3,'',18,2),(10,'2024-10-26 14:51:52.407540','1','Bill-luganod.mwakapukur-DIT: paid-100',2,'[{\"changed\": {\"fields\": [\"Amount\", \"Created by\"]}}]',20,2),(11,'2024-10-26 14:52:10.774206','1','Bill-luganod.mwakapukur-DIT: paid-5000',2,'[{\"changed\": {\"fields\": [\"Amount\"]}}]',20,2),(12,'2024-10-26 14:52:28.924490','1','Bill-luganod.mwakapukur-DIT: paid-100',2,'[{\"changed\": {\"fields\": [\"Amount\"]}}]',20,2),(13,'2024-10-26 14:57:03.508333','2','Bill-luganod.mwakapukur-DIT: paid-100',1,'[{\"added\": {}}]',20,2),(14,'2024-10-26 15:00:39.627227','2','luganod.mwakapukur-DIT',2,'[{\"changed\": {\"fields\": [\"Status\"]}}]',19,2),(15,'2024-10-26 15:00:47.695174','1','Bill-luganod.mwakapukur-DIT: paid-100.00',3,'',20,2),(16,'2024-10-26 15:00:52.121188','2','Bill-luganod.mwakapukur-DIT: paid-0',2,'[{\"changed\": {\"fields\": [\"Amount\"]}}]',20,2),(17,'2024-10-26 15:01:03.868943','3','Bill-luganod.mwakapukur-DIT: paid-1000',1,'[{\"added\": {}}]',20,2),(18,'2024-10-26 15:01:45.958343','4','Bill-luganod.mwakapukur-DIT: paid-100',1,'[{\"added\": {}}]',20,2),(19,'2024-10-26 15:03:02.942120','5','Bill-luganod.mwakapukur-DIT: paid-100',1,'[{\"added\": {}}]',20,2),(20,'2024-10-26 15:03:27.059049','6','Bill-luganod.mwakapukur-DIT: paid-100',1,'[{\"added\": {}}]',20,2),(21,'2024-10-26 15:04:22.592501','7','Bill-luganod.mwakapukur-DIT: paid-100',1,'[{\"added\": {}}]',20,2),(22,'2024-10-26 15:05:34.205415','8','Bill-luganod.mwakapukur-DIT: paid-1000',1,'[{\"added\": {}}]',20,2),(23,'2024-10-26 15:31:03.654767','1','main',1,'[{\"added\": {}}]',21,2),(24,'2024-10-26 15:33:17.430740','8','Bill-luganod.mwakapukur-DIT: paid-1000.00',3,'',20,2),(25,'2024-10-26 15:33:17.433453','7','Bill-luganod.mwakapukur-DIT: paid-100.00',3,'',20,2),(26,'2024-10-26 15:33:17.434987','6','Bill-luganod.mwakapukur-DIT: paid-100.00',3,'',20,2),(27,'2024-10-26 15:33:17.436995','5','Bill-luganod.mwakapukur-DIT: paid-100.00',3,'',20,2),(28,'2024-10-26 15:33:17.437996','4','Bill-luganod.mwakapukur-DIT: paid-100.00',3,'',20,2),(29,'2024-10-26 15:33:17.438995','3','Bill-luganod.mwakapukur-DIT: paid-1000.00',3,'',20,2),(30,'2024-10-26 15:33:27.102326','9','Bill-luganod.mwakapukur-DIT: paid-3000',1,'[{\"added\": {}}]',20,2),(31,'2024-10-26 15:37:46.480886','1','main',2,'[{\"changed\": {\"fields\": [\"Balance\"]}}]',21,2),(32,'2024-10-26 15:37:55.763040','2','Bill-luganod.mwakapukur-DIT: paid-0.00',3,'',20,2),(33,'2024-10-26 15:38:18.063348','10','Bill-luganod.mwakapukur-DIT: paid-3000',1,'[{\"added\": {}}]',20,2),(34,'2024-10-26 15:38:57.659500','2','5000.00',3,'',21,2),(35,'2024-10-26 15:39:50.028696','1','main',3,'',21,2),(36,'2024-10-26 15:39:56.163387','9','Bill-luganod.mwakapukur-DIT: paid-3000.00',3,'',20,2),(37,'2024-10-26 15:40:32.195670','12','Bill-luganod.mwakapukur-DIT: paid-3500',1,'[{\"added\": {}}]',20,2),(38,'2024-10-26 15:41:09.263965','3','luganod.mwakapukur-DIT',1,'[{\"added\": {}}]',19,2),(39,'2024-10-26 15:41:29.827739','14','Bill-luganod.mwakapukur-DIT: paid-500',1,'[{\"added\": {}}]',20,2),(40,'2024-10-26 15:41:54.913399','5','Graduation Fee',3,'',21,2),(41,'2024-10-26 15:42:15.696993','15','Bill-luganod.mwakapukur-DIT: paid-500',1,'[{\"added\": {}}]',20,2),(42,'2024-10-26 15:43:11.095988','16','Bill-luganod.mwakapukur-DIT: paid-500',1,'[{\"added\": {}}]',20,2),(43,'2024-10-26 15:43:42.166112','17','Bill-luganod.mwakapukur-DIT: paid-400',1,'[{\"added\": {}}]',20,2),(44,'2024-10-26 15:43:54.097402','8','Fee',3,'',21,2),(45,'2024-10-26 15:43:54.099347','7','Fee',3,'',21,2),(46,'2024-10-26 15:43:54.100037','6','Graduation Fee',3,'',21,2),(47,'2024-10-26 15:43:54.100037','4','Fee',3,'',21,2),(48,'2024-10-26 15:43:58.317262','3','Main',3,'',21,2),(49,'2024-10-26 15:44:08.116291','17','Bill-luganod.mwakapukur-DIT: paid-400.00',3,'',20,2),(50,'2024-10-26 15:44:08.118348','16','Bill-luganod.mwakapukur-DIT: paid-500.00',3,'',20,2),(51,'2024-10-26 15:44:08.119419','15','Bill-luganod.mwakapukur-DIT: paid-500.00',3,'',20,2),(52,'2024-10-26 15:44:08.119419','14','Bill-luganod.mwakapukur-DIT: paid-500.00',3,'',20,2),(53,'2024-10-26 15:44:08.120428','13','Bill-luganod.mwakapukur-DIT: paid-0.00',3,'',20,2),(54,'2024-10-26 15:44:08.121414','12','Bill-luganod.mwakapukur-DIT: paid-3500.00',3,'',20,2),(55,'2024-10-26 15:44:08.122401','10','Bill-luganod.mwakapukur-DIT: paid-3000.00',3,'',20,2),(56,'2024-10-26 15:44:40.080698','18','Bill-luganod.mwakapukur-DIT-5000.00: paid-300',1,'[{\"added\": {}}]',20,2),(57,'2024-10-26 15:44:59.680694','19','Bill-luganod.mwakapukur-DIT-5000.00: paid-4000',1,'[{\"added\": {}}]',20,2),(58,'2024-10-26 15:45:22.380854','20','Bill-luganod.mwakapukur-DIT-10000.00: paid-7000',1,'[{\"added\": {}}]',20,2),(59,'2024-10-26 15:45:41.464053','21','Bill-luganod.mwakapukur-DIT-5000.00: paid-700',1,'[{\"added\": {}}]',20,2),(60,'2024-10-26 16:36:45.503492','2','luganod.mwakapukur-DIT-5000.00',2,'[{\"changed\": {\"fields\": [\"Paid amount\"]}}]',19,2),(61,'2024-10-26 16:36:54.167229','3','luganod.mwakapukur-DIT-10000.00',2,'[{\"changed\": {\"fields\": [\"Paid amount\"]}}]',19,2),(62,'2024-10-27 10:51:12.965388','3','luganod.mwakapukur-DIT-10000.00',3,'',19,2),(63,'2024-10-27 10:51:12.981489','2','luganod.mwakapukur-DIT-5000.00',3,'',19,2),(64,'2024-10-27 10:51:29.081285','11','Graduation Fee',3,'',21,2),(65,'2024-10-27 10:51:29.081285','10','Fee',3,'',21,2),(66,'2024-10-27 10:51:29.081285','9','Main',3,'',21,2),(67,'2024-10-27 12:04:44.059145','6','5000.00',3,'',18,2),(68,'2024-10-27 12:04:44.059145','2','10000.00',3,'',18,2),(69,'2024-10-27 12:07:49.637324','1','5000.00',3,'',18,2),(70,'2024-10-27 13:04:51.562860','7','luganod.mwakapukur-DIT',3,'',11,2),(71,'2024-10-27 13:04:51.565048','1','lugano.mwakapuku-BSC. ITS',3,'',11,2),(72,'2024-10-27 13:06:44.406096','4','',3,'',7,2),(73,'2024-10-27 13:06:44.408096','6','lugano.mwakapuku',3,'',7,2),(74,'2024-10-27 13:06:44.409094','12','luganod.mwakapukur',3,'',7,2),(75,'2024-10-27 13:11:04.122497','43','abia.daniel',3,'',7,2),(76,'2024-10-27 13:11:04.125042','114','adela.magina',3,'',7,2),(77,'2024-10-27 13:11:04.126056','219','aganyira.festo',3,'',7,2),(78,'2024-10-27 13:11:04.127098','183','agnes.andrea',3,'',7,2),(79,'2024-10-27 13:11:04.128099','182','agnes.chanai',3,'',7,2),(80,'2024-10-27 13:11:04.129056','224','agrey.samwel',3,'',7,2),(81,'2024-10-27 13:11:04.130055','239','aidan.frank',3,'',7,2),(82,'2024-10-27 13:11:04.132089','214','alex.joel',3,'',7,2),(83,'2024-10-27 13:11:04.135890','85','alias.sandy',3,'',7,2),(84,'2024-10-27 13:11:04.136688','152','alice.abraham',3,'',7,2),(85,'2024-10-27 13:11:04.137745','165','allen.revocatus',3,'',7,2),(86,'2024-10-27 13:11:04.138744','42','alone.antony',3,'',7,2),(87,'2024-10-27 13:11:04.139746','13','amon.daniel',3,'',7,2),(88,'2024-10-27 13:11:04.140984','44','amos.charles',3,'',7,2),(89,'2024-10-27 13:11:04.141627','88','amos.masasi',3,'',7,2),(90,'2024-10-27 13:11:04.142633','36','amos.mbilinyi',3,'',7,2),(91,'2024-10-27 13:11:04.143632','133','anastazia.daudi',3,'',7,2),(92,'2024-10-27 13:11:04.144632','227','angel.bisenshoni',3,'',7,2),(93,'2024-10-27 13:11:04.144632','83','angel.malisa',3,'',7,2),(94,'2024-10-27 13:11:04.145653','58','angel.martin',3,'',7,2),(95,'2024-10-27 13:11:04.146632','34','angel.mulamuzi',3,'',7,2),(96,'2024-10-27 13:11:04.147580','93','angelina.shayo',3,'',7,2),(97,'2024-10-27 13:11:04.148586','232','anna.apolinali',3,'',7,2),(98,'2024-10-27 13:11:04.150040','218','anna.dameck',3,'',7,2),(99,'2024-10-27 13:11:04.151307','202','anna.shoo',3,'',7,2),(100,'2024-10-27 13:11:04.152309','147','anna.swai',3,'',7,2),(101,'2024-10-27 13:11:04.153068','146','anne.omary',3,'',7,2),(102,'2024-10-27 13:11:04.153962','145','anold.godfrey',3,'',7,2),(103,'2024-10-27 13:11:04.154985','121','anold.ngailo',3,'',7,2),(104,'2024-10-27 13:11:04.155986','233','atupokile.emmanuel',3,'',7,2),(105,'2024-10-27 13:11:04.156984','69','bahati.eliya',3,'',7,2),(106,'2024-10-27 13:11:04.157983','176','beatrice.godfrey',3,'',7,2),(107,'2024-10-27 13:11:04.158766','129','brandina.rogeth',3,'',7,2),(108,'2024-10-27 13:11:04.159299','247','brian.ringo',3,'',7,2),(109,'2024-10-27 13:11:04.160321','19','bright.samwel',3,'',7,2),(110,'2024-10-27 13:11:04.160321','150','brightness.geofrey',3,'',7,2),(111,'2024-10-27 13:11:04.161319','116','bryan.moses',3,'',7,2),(112,'2024-10-27 13:11:04.162338','173','catherine.avit',3,'',7,2),(113,'2024-10-27 13:11:04.163319','157','charles.mgohachi',3,'',7,2),(114,'2024-10-27 13:11:04.164321','30','charles.omary',3,'',7,2),(115,'2024-10-27 13:11:04.165320','102','daniel.fanuel',3,'',7,2),(116,'2024-10-27 13:11:04.167467','179','daniel.godson',3,'',7,2),(117,'2024-10-27 13:11:04.168946','142','dari0.mlikiwe',3,'',7,2),(118,'2024-10-27 13:11:04.169377','11','david.humphrey',3,'',7,2),(119,'2024-10-27 13:11:04.170401','204','debora.japhet',3,'',7,2),(120,'2024-10-27 13:11:04.171398','240','dioph.mwakyusa',3,'',7,2),(121,'2024-10-27 13:11:04.172399','33','dorice.edson',3,'',7,2),(122,'2024-10-27 13:11:04.173416','126','edisa.jokely',3,'',7,2),(123,'2024-10-27 13:11:04.174398','66','elizabeth.fundi',3,'',7,2),(124,'2024-10-27 13:11:04.175766','90','elizabeth.makanta',3,'',7,2),(125,'2024-10-27 13:11:04.176803','39','emmanuel.eliya',3,'',7,2),(126,'2024-10-27 13:11:04.177829','163','emmanuel.joseph',3,'',7,2),(127,'2024-10-27 13:11:04.178881','115','eniva.msosa',3,'',7,2),(128,'2024-10-27 13:11:04.179787','91','erick.richard',3,'',7,2),(129,'2024-10-27 13:11:04.180958','225','erson.erick',3,'',7,2),(130,'2024-10-27 13:11:04.183108','118','ester.maeda',3,'',7,2),(131,'2024-10-27 13:11:04.184113','244','ester.shiyengo',3,'',7,2),(132,'2024-10-27 13:11:04.185126','94','esther.laurence',3,'',7,2),(133,'2024-10-27 13:11:04.186124','198','evaline.willy',3,'',7,2),(134,'2024-10-27 13:11:04.187125','208','evelyne.james',3,'',7,2),(135,'2024-10-27 13:11:04.188125','12','faraja.gabriel',3,'',7,2),(136,'2024-10-27 13:11:04.189126','191','felista.isack',3,'',7,2),(137,'2024-10-27 13:11:04.190125','113','felista.james',3,'',7,2),(138,'2024-10-27 13:11:04.191125','139','felista.sauros',3,'',7,2),(139,'2024-10-27 13:11:04.192930','153','francis.clemence',3,'',7,2),(140,'2024-10-27 13:11:04.193945','78','francis.meibuko',3,'',7,2),(141,'2024-10-27 13:11:04.194951','123','fred.ambrose',3,'',7,2),(142,'2024-10-27 13:11:04.196002','222','fred.kitomo',3,'',7,2),(143,'2024-10-27 13:11:04.196002','161','gabriel.ngawala',3,'',7,2),(144,'2024-10-27 13:11:04.197521','82','georgina.george',3,'',7,2),(145,'2024-10-27 13:11:04.199072','38','gladness.mwacha',3,'',7,2),(146,'2024-10-27 13:11:04.199569','37','gloria.mtelesi',3,'',7,2),(147,'2024-10-27 13:11:04.199569','92','gloria.nyagawa',3,'',7,2),(148,'2024-10-27 13:11:04.199569','197','glory.festo',3,'',7,2),(149,'2024-10-27 13:11:04.199569','238','glory.goodluck',3,'',7,2),(150,'2024-10-27 13:11:04.199569','178','godfrey.ezekiel',3,'',7,2),(151,'2024-10-27 13:11:04.199569','87','good.christopher',3,'',7,2),(152,'2024-10-27 13:11:04.199569','158','gracious.mhoka',3,'',7,2),(153,'2024-10-27 13:11:04.199569','124','gradness.salingo',3,'',7,2),(154,'2024-10-27 13:11:04.199569','7','hapiness.nyombe',3,'',7,2),(155,'2024-10-27 13:11:04.199569','242','happiness.abdallah',3,'',7,2),(156,'2024-10-27 13:11:04.199569','35','heavenlight.mushi',3,'',7,2),(157,'2024-10-27 13:11:04.199569','138','hilary.andrew',3,'',7,2),(158,'2024-10-27 13:11:04.199569','223','hilary.onesmo',3,'',7,2),(159,'2024-10-27 13:11:04.214222','10','hynacy.charles',3,'',7,2),(160,'2024-10-27 13:11:04.216162','156','irene.kinyamasongo',3,'',7,2),(161,'2024-10-27 13:11:04.217260','143','irene.sam',3,'',7,2),(162,'2024-10-27 13:11:04.218329','201','irene.samwel',3,'',7,2),(163,'2024-10-27 13:11:04.219317','15','isaya.lewis',3,'',7,2),(164,'2024-10-27 13:11:04.220374','40','ishimwe.enock',3,'',7,2),(165,'2024-10-27 13:11:04.220374','130','jackline.mmuru',3,'',7,2),(166,'2024-10-27 13:11:04.221419','112','jackline.said',3,'',7,2),(167,'2024-10-27 13:11:04.222493','86','jane.hope',3,'',7,2),(168,'2024-10-27 13:11:04.223509','27','jane.justine',3,'',7,2),(169,'2024-10-27 13:11:04.224471','229','jane.mkoi',3,'',7,2),(170,'2024-10-27 13:11:04.225416','28','janeth.fundisha',3,'',7,2),(171,'2024-10-27 13:11:04.226415','9','janeth.kafti',3,'',7,2),(172,'2024-10-27 13:11:04.227388','6','janeth.lukindo',3,'',7,2),(173,'2024-10-27 13:11:04.228097','241','janeth.themistocles',3,'',7,2),(174,'2024-10-27 13:11:14.653732','185','january.elias',3,'',7,2),(175,'2024-10-27 13:11:14.655653','108','japhet.msese',3,'',7,2),(176,'2024-10-27 13:11:14.657659','29','jessca.gideon',3,'',7,2),(177,'2024-10-27 13:11:14.658675','171','jessca.reuben',3,'',7,2),(178,'2024-10-27 13:11:14.660659','45','joel.mramba',3,'',7,2),(179,'2024-10-27 13:11:14.661658','160','john.masebo',3,'',7,2),(180,'2024-10-27 13:11:14.662658','59','jonas.mwakabungu',3,'',7,2),(181,'2024-10-27 13:11:14.664259','104','joseph.philipo',3,'',7,2),(182,'2024-10-27 13:11:14.665271','188','joseph.samwel',3,'',7,2),(183,'2024-10-27 13:11:14.667095','248','joshua.kabanga',3,'',7,2),(184,'2024-10-27 13:11:14.668851','109','joshua.paulo',3,'',7,2),(185,'2024-10-27 13:11:14.669261','47','jovina.johnson',3,'',7,2),(186,'2024-10-27 13:11:14.671274','41','joyce.jackson',3,'',7,2),(187,'2024-10-27 13:11:14.672273','131','judith.emanuel',3,'',7,2),(188,'2024-10-27 13:11:14.673389','89','julieth.mutungi',3,'',7,2),(189,'2024-10-27 13:11:14.674408','17','julius.gumbo',3,'',7,2),(190,'2024-10-27 13:11:14.675470','235','junior.francis',3,'',7,2),(191,'2024-10-27 13:11:14.676426','57','junior.julius',3,'',7,2),(192,'2024-10-27 13:11:14.677409','21','kerry.felix',3,'',7,2),(193,'2024-10-27 13:11:14.678410','31','kiharath.zuita',3,'',7,2),(194,'2024-10-27 13:11:14.679408','75','lameck.mtale',3,'',7,2),(195,'2024-10-27 13:11:14.681127','136','laura.mambosho',3,'',7,2),(196,'2024-10-27 13:11:14.684544','99','lisa.martin',3,'',7,2),(197,'2024-10-27 13:11:14.685533','32','loina.michael',3,'',7,2),(198,'2024-10-27 13:11:14.686545','137','lugano.mwakapuku',3,'',7,2),(199,'2024-10-27 13:11:14.688544','65','luka.mgaya',3,'',7,2),(200,'2024-10-27 13:11:14.689931','206','lydia.metta',3,'',7,2),(201,'2024-10-27 13:11:14.690938','212','magdalena.emmanuel',3,'',7,2),(202,'2024-10-27 13:11:14.691936','24','magembe.richard',3,'',7,2),(203,'2024-10-27 13:11:14.692963','105','maria.godbless',3,'',7,2),(204,'2024-10-27 13:11:14.693960','95','mariam.dotto',3,'',7,2),(205,'2024-10-27 13:11:14.695936','184','mariam.mussa',3,'',7,2),(206,'2024-10-27 13:11:14.696936','71','mariam.mzava',3,'',7,2),(207,'2024-10-27 13:11:14.698698','134','martha.deus',3,'',7,2),(208,'2024-10-27 13:11:14.699945','203','martina.arthur',3,'',7,2),(209,'2024-10-27 13:11:14.699945','187','maurine.kanza',3,'',7,2),(210,'2024-10-27 13:11:14.701895','132','mawazo.charles',3,'',7,2),(211,'2024-10-27 13:11:14.702942','236','max.mlelwa',3,'',7,2),(212,'2024-10-27 13:11:14.703969','216','mayunga.musa',3,'',7,2),(213,'2024-10-27 13:11:14.705023','195','mercy.lugala',3,'',7,2),(214,'2024-10-27 13:11:14.706658','106','methusela.naftary',3,'',7,2),(215,'2024-10-27 13:11:14.707691','64','milembe.maduhu',3,'',7,2),(216,'2024-10-27 13:11:14.709686','192','miriam.mhagama',3,'',7,2),(217,'2024-10-27 13:11:14.710687','122','modester.patrick',3,'',7,2),(218,'2024-10-27 13:11:14.711685','52','naomy.audax',3,'',7,2),(219,'2024-10-27 13:11:14.712686','213','neema.emelius',3,'',7,2),(220,'2024-10-27 13:11:14.714265','18','neema.joseph',3,'',7,2),(221,'2024-10-27 13:11:14.715283','141','neema.kasembe',3,'',7,2),(222,'2024-10-27 13:11:14.717543','189','neema.kwayu',3,'',7,2),(223,'2024-10-27 13:11:14.719003','119','neema.mwaisangu',3,'',7,2),(224,'2024-10-27 13:11:14.719999','117','neight.nelson',3,'',7,2),(225,'2024-10-27 13:11:14.721023','169','nelly.mbughi',3,'',7,2),(226,'2024-10-27 13:11:14.723016','186','nembrice.kivuyo',3,'',7,2),(227,'2024-10-27 13:11:14.724024','22','nestory.nyaluke',3,'',7,2),(228,'2024-10-27 13:11:14.725048','26','nobert.boniface',3,'',7,2),(229,'2024-10-27 13:11:14.726054','151','noela.fadhili',3,'',7,2),(230,'2024-10-27 13:11:14.727053','234','noela.raymond',3,'',7,2),(231,'2024-10-27 13:11:14.728084','226','nollah.mwalukasa',3,'',7,2),(232,'2024-10-27 13:11:14.729071','103','nsajigwa.ngobile',3,'',7,2),(233,'2024-10-27 13:11:14.730084','97','nyangusi.mollel',3,'',7,2),(234,'2024-10-27 13:11:14.731937','168','obadia.mpolo',3,'',7,2),(235,'2024-10-27 13:11:14.732934','48','obed.shoo',3,'',7,2),(236,'2024-10-27 13:11:14.734651','98','patricia.masanja',3,'',7,2),(237,'2024-10-27 13:11:14.736675','215','paul.william',3,'',7,2),(238,'2024-10-27 13:11:14.737675','166','paulo.nyakilizu',3,'',7,2),(239,'2024-10-27 13:11:14.738674','25','peter.chimola',3,'',7,2),(240,'2024-10-27 13:11:14.739674','194','petro.mwanja',3,'',7,2),(241,'2024-10-27 13:11:14.741078','111','pius.ernest',3,'',7,2),(242,'2024-10-27 13:11:14.742111','127','rahel.lifa',3,'',7,2),(243,'2024-10-27 13:11:14.743222','172','rahel.saguda',3,'',7,2),(244,'2024-10-27 13:11:14.744213','4','rahel.urio',3,'',7,2),(245,'2024-10-27 13:11:14.745189','180','renatus.simon',3,'',7,2),(246,'2024-10-27 13:11:14.746118','170','revice.ciprian',3,'',7,2),(247,'2024-10-27 13:11:14.747678','246','riziki.gervase',3,'',7,2),(248,'2024-10-27 13:11:14.748718','8','robert.gwamaka',3,'',7,2),(249,'2024-10-27 13:11:14.749688','67','robert.yesaya',3,'',7,2),(250,'2024-10-27 13:11:14.751684','14','ronald.mlay',3,'',7,2),(251,'2024-10-27 13:11:14.752684','230','salama.mwanjira',3,'',7,2),(252,'2024-10-27 13:11:14.753687','61','santael.elvis',3,'',7,2),(253,'2024-10-27 13:11:14.754703','167','sara.mazingo',3,'',7,2),(254,'2024-10-27 13:11:14.756120','84','sarah.joshua',3,'',7,2),(255,'2024-10-27 13:11:14.757727','46','saramina.mathias',3,'',7,2),(256,'2024-10-27 13:11:14.758591','125','sekela.mfugale',3,'',7,2),(257,'2024-10-27 13:11:14.759667','20','seth.machemba',3,'',7,2),(258,'2024-10-27 13:11:14.760607','16','shakila.bryson',3,'',7,2),(259,'2024-10-27 13:11:14.761651','228','shakira.bryson',3,'',7,2),(260,'2024-10-27 13:11:14.762609','155','sophia.ikomba',3,'',7,2),(261,'2024-10-27 13:11:14.764153','56','steve.wilson',3,'',7,2),(262,'2024-10-27 13:11:14.765395','174','steven.nkya',3,'',7,2),(263,'2024-10-27 13:11:14.766385','62','susan.shigela',3,'',7,2),(264,'2024-10-27 13:11:14.767387','200','suzana.saigela',3,'',7,2),(265,'2024-10-27 13:11:14.768388','23','tumaini.mollel',3,'',7,2),(266,'2024-10-27 13:11:14.769388','149','vaileth.jacob',3,'',7,2),(267,'2024-10-27 13:11:14.771387','181','vaileth.samson',3,'',7,2),(268,'2024-10-27 13:11:14.772204','110','vanes.faraja',3,'',7,2),(269,'2024-10-27 13:11:14.773237','144','winfrida.zephania',3,'',7,2),(270,'2024-10-27 13:11:14.774427','243','witness.elias',3,'',7,2),(271,'2024-10-27 13:11:14.775306','175','witness.msigala',3,'',7,2),(272,'2024-10-27 13:11:14.776404','140','zambeli.filemon',3,'',7,2),(273,'2024-10-27 13:11:19.506684','220','zerada.festo',3,'',7,2),(274,'2024-10-27 13:11:19.509466','54','ziada.mlonganile',3,'',7,2),(275,'2024-10-27 13:12:25.895944','43','abia.daniel',3,'',7,2),(276,'2024-10-27 13:12:25.899208','114','adela.magina',3,'',7,2),(277,'2024-10-27 13:12:25.901732','219','aganyira.festo',3,'',7,2),(278,'2024-10-27 13:12:25.903907','183','agnes.andrea',3,'',7,2),(279,'2024-10-27 13:12:25.905693','182','agnes.chanai',3,'',7,2),(280,'2024-10-27 13:12:25.906649','224','agrey.samwel',3,'',7,2),(281,'2024-10-27 13:12:25.907736','239','aidan.frank',3,'',7,2),(282,'2024-10-27 13:12:25.909729','214','alex.joel',3,'',7,2),(283,'2024-10-27 13:12:25.910685','85','alias.sandy',3,'',7,2),(284,'2024-10-27 13:12:25.911817','152','alice.abraham',3,'',7,2),(285,'2024-10-27 13:12:25.912830','165','allen.revocatus',3,'',7,2),(286,'2024-10-27 13:12:25.913874','42','alone.antony',3,'',7,2),(287,'2024-10-27 13:12:25.915529','13','amon.daniel',3,'',7,2),(288,'2024-10-27 13:12:25.916684','44','amos.charles',3,'',7,2),(289,'2024-10-27 13:12:25.917449','88','amos.masasi',3,'',7,2),(290,'2024-10-27 13:12:25.919124','36','amos.mbilinyi',3,'',7,2),(291,'2024-10-27 13:12:25.920389','133','anastazia.daudi',3,'',7,2),(292,'2024-10-27 13:12:25.921470','227','angel.bisenshoni',3,'',7,2),(293,'2024-10-27 13:12:25.922505','83','angel.malisa',3,'',7,2),(294,'2024-10-27 13:12:25.923501','58','angel.martin',3,'',7,2),(295,'2024-10-27 13:12:25.925474','34','angel.mulamuzi',3,'',7,2),(296,'2024-10-27 13:12:25.926474','93','angelina.shayo',3,'',7,2),(297,'2024-10-27 13:12:25.927474','232','anna.apolinali',3,'',7,2),(298,'2024-10-27 13:12:25.928492','218','anna.dameck',3,'',7,2),(299,'2024-10-27 13:12:25.929493','202','anna.shoo',3,'',7,2),(300,'2024-10-27 13:12:25.931117','147','anna.swai',3,'',7,2),(301,'2024-10-27 13:12:25.933227','146','anne.omary',3,'',7,2),(302,'2024-10-27 13:12:25.934054','145','anold.godfrey',3,'',7,2),(303,'2024-10-27 13:12:25.935111','121','anold.ngailo',3,'',7,2),(304,'2024-10-27 13:12:25.936079','233','atupokile.emmanuel',3,'',7,2),(305,'2024-10-27 13:12:25.938424','69','bahati.eliya',3,'',7,2),(306,'2024-10-27 13:12:25.939348','176','beatrice.godfrey',3,'',7,2),(307,'2024-10-27 13:12:25.941360','129','brandina.rogeth',3,'',7,2),(308,'2024-10-27 13:12:25.942359','247','brian.ringo',3,'',7,2),(309,'2024-10-27 13:12:25.944360','19','bright.samwel',3,'',7,2),(310,'2024-10-27 13:12:25.945359','150','brightness.geofrey',3,'',7,2),(311,'2024-10-27 13:12:25.946359','116','bryan.moses',3,'',7,2),(312,'2024-10-27 13:12:25.946359','173','catherine.avit',3,'',7,2),(313,'2024-10-27 13:12:25.948871','157','charles.mgohachi',3,'',7,2),(314,'2024-10-27 13:12:25.949871','30','charles.omary',3,'',7,2),(315,'2024-10-27 13:12:25.951871','102','daniel.fanuel',3,'',7,2),(316,'2024-10-27 13:12:25.952868','179','daniel.godson',3,'',7,2),(317,'2024-10-27 13:12:25.952868','142','dari0.mlikiwe',3,'',7,2),(318,'2024-10-27 13:12:25.952868','11','david.humphrey',3,'',7,2),(319,'2024-10-27 13:12:25.952868','204','debora.japhet',3,'',7,2),(320,'2024-10-27 13:12:25.952868','240','dioph.mwakyusa',3,'',7,2),(321,'2024-10-27 13:12:25.952868','33','dorice.edson',3,'',7,2),(322,'2024-10-27 13:12:25.952868','126','edisa.jokely',3,'',7,2),(323,'2024-10-27 13:12:25.952868','66','elizabeth.fundi',3,'',7,2),(324,'2024-10-27 13:12:25.952868','90','elizabeth.makanta',3,'',7,2),(325,'2024-10-27 13:12:25.952868','39','emmanuel.eliya',3,'',7,2),(326,'2024-10-27 13:12:25.952868','163','emmanuel.joseph',3,'',7,2),(327,'2024-10-27 13:12:25.952868','115','eniva.msosa',3,'',7,2),(328,'2024-10-27 13:12:25.952868','91','erick.richard',3,'',7,2),(329,'2024-10-27 13:12:25.967875','225','erson.erick',3,'',7,2),(330,'2024-10-27 13:12:25.968740','118','ester.maeda',3,'',7,2),(331,'2024-10-27 13:12:25.968740','244','ester.shiyengo',3,'',7,2),(332,'2024-10-27 13:12:25.968740','94','esther.laurence',3,'',7,2),(333,'2024-10-27 13:12:25.968740','198','evaline.willy',3,'',7,2),(334,'2024-10-27 13:12:25.968740','208','evelyne.james',3,'',7,2),(335,'2024-10-27 13:12:25.968740','12','faraja.gabriel',3,'',7,2),(336,'2024-10-27 13:12:25.968740','191','felista.isack',3,'',7,2),(337,'2024-10-27 13:12:25.968740','113','felista.james',3,'',7,2),(338,'2024-10-27 13:12:25.968740','139','felista.sauros',3,'',7,2),(339,'2024-10-27 13:12:25.968740','153','francis.clemence',3,'',7,2),(340,'2024-10-27 13:12:25.968740','78','francis.meibuko',3,'',7,2),(341,'2024-10-27 13:12:25.981190','123','fred.ambrose',3,'',7,2),(342,'2024-10-27 13:12:25.983198','222','fred.kitomo',3,'',7,2),(343,'2024-10-27 13:12:25.983424','161','gabriel.ngawala',3,'',7,2),(344,'2024-10-27 13:12:25.983424','82','georgina.george',3,'',7,2),(345,'2024-10-27 13:12:25.983424','38','gladness.mwacha',3,'',7,2),(346,'2024-10-27 13:12:25.983424','37','gloria.mtelesi',3,'',7,2),(347,'2024-10-27 13:12:25.983424','92','gloria.nyagawa',3,'',7,2),(348,'2024-10-27 13:12:25.983424','197','glory.festo',3,'',7,2),(349,'2024-10-27 13:12:25.983424','238','glory.goodluck',3,'',7,2),(350,'2024-10-27 13:12:25.983424','178','godfrey.ezekiel',3,'',7,2),(351,'2024-10-27 13:12:25.983424','87','good.christopher',3,'',7,2),(352,'2024-10-27 13:12:25.983424','158','gracious.mhoka',3,'',7,2),(353,'2024-10-27 13:12:25.983424','124','gradness.salingo',3,'',7,2),(354,'2024-10-27 13:12:25.983424','7','hapiness.nyombe',3,'',7,2),(355,'2024-10-27 13:12:25.998400','242','happiness.abdallah',3,'',7,2),(356,'2024-10-27 13:12:25.999862','35','heavenlight.mushi',3,'',7,2),(357,'2024-10-27 13:12:26.000899','138','hilary.andrew',3,'',7,2),(358,'2024-10-27 13:12:26.002234','223','hilary.onesmo',3,'',7,2),(359,'2024-10-27 13:12:26.003299','10','hynacy.charles',3,'',7,2),(360,'2024-10-27 13:12:26.004449','156','irene.kinyamasongo',3,'',7,2),(361,'2024-10-27 13:12:26.004449','143','irene.sam',3,'',7,2),(362,'2024-10-27 13:12:26.005447','201','irene.samwel',3,'',7,2),(363,'2024-10-27 13:12:26.006449','15','isaya.lewis',3,'',7,2),(364,'2024-10-27 13:12:26.007445','40','ishimwe.enock',3,'',7,2),(365,'2024-10-27 13:12:26.008466','130','jackline.mmuru',3,'',7,2),(366,'2024-10-27 13:12:26.009466','112','jackline.said',3,'',7,2),(367,'2024-10-27 13:12:26.010449','86','jane.hope',3,'',7,2),(368,'2024-10-27 13:12:26.012455','27','jane.justine',3,'',7,2),(369,'2024-10-27 13:12:26.013451','229','jane.mkoi',3,'',7,2),(370,'2024-10-27 13:12:26.014451','28','janeth.fundisha',3,'',7,2),(371,'2024-10-27 13:12:26.016759','9','janeth.kafti',3,'',7,2),(372,'2024-10-27 13:12:26.018986','6','janeth.lukindo',3,'',7,2),(373,'2024-10-27 13:12:26.019735','241','janeth.themistocles',3,'',7,2),(374,'2024-10-27 13:12:43.440216','185','january.elias',3,'',7,2),(375,'2024-10-27 13:12:43.441350','108','japhet.msese',3,'',7,2),(376,'2024-10-27 13:12:43.442398','29','jessca.gideon',3,'',7,2),(377,'2024-10-27 13:12:43.443451','171','jessca.reuben',3,'',7,2),(378,'2024-10-27 13:12:43.444408','45','joel.mramba',3,'',7,2),(379,'2024-10-27 13:12:43.445408','160','john.masebo',3,'',7,2),(380,'2024-10-27 13:12:43.446409','59','jonas.mwakabungu',3,'',7,2),(381,'2024-10-27 13:12:43.447411','104','joseph.philipo',3,'',7,2),(382,'2024-10-27 13:12:43.448412','188','joseph.samwel',3,'',7,2),(383,'2024-10-27 13:12:43.450418','248','joshua.kabanga',3,'',7,2),(384,'2024-10-27 13:12:43.451151','109','joshua.paulo',3,'',7,2),(385,'2024-10-27 13:12:43.452180','47','jovina.johnson',3,'',7,2),(386,'2024-10-27 13:12:43.453182','41','joyce.jackson',3,'',7,2),(387,'2024-10-27 13:12:43.454182','131','judith.emanuel',3,'',7,2),(388,'2024-10-27 13:12:43.455180','89','julieth.mutungi',3,'',7,2),(389,'2024-10-27 13:12:43.456180','17','julius.gumbo',3,'',7,2),(390,'2024-10-27 13:12:43.457179','235','junior.francis',3,'',7,2),(391,'2024-10-27 13:12:43.458571','57','junior.julius',3,'',7,2),(392,'2024-10-27 13:12:43.459616','21','kerry.felix',3,'',7,2),(393,'2024-10-27 13:12:43.460492','31','kiharath.zuita',3,'',7,2),(394,'2024-10-27 13:12:43.461498','75','lameck.mtale',3,'',7,2),(395,'2024-10-27 13:12:43.462501','136','laura.mambosho',3,'',7,2),(396,'2024-10-27 13:12:43.463504','99','lisa.martin',3,'',7,2),(397,'2024-10-27 13:12:43.464493','32','loina.michael',3,'',7,2),(398,'2024-10-27 13:12:43.465505','137','lugano.mwakapuku',3,'',7,2),(399,'2024-10-27 13:12:43.466921','65','luka.mgaya',3,'',7,2),(400,'2024-10-27 13:12:43.466921','206','lydia.metta',3,'',7,2),(401,'2024-10-27 13:12:43.466921','212','magdalena.emmanuel',3,'',7,2),(402,'2024-10-27 13:12:43.466921','24','magembe.richard',3,'',7,2),(403,'2024-10-27 13:12:43.466921','105','maria.godbless',3,'',7,2),(404,'2024-10-27 13:12:43.466921','95','mariam.dotto',3,'',7,2),(405,'2024-10-27 13:12:43.466921','184','mariam.mussa',3,'',7,2),(406,'2024-10-27 13:12:43.466921','71','mariam.mzava',3,'',7,2),(407,'2024-10-27 13:12:43.466921','134','martha.deus',3,'',7,2),(408,'2024-10-27 13:12:43.476956','203','martina.arthur',3,'',7,2),(409,'2024-10-27 13:12:43.476956','187','maurine.kanza',3,'',7,2),(410,'2024-10-27 13:12:43.476956','132','mawazo.charles',3,'',7,2),(411,'2024-10-27 13:12:43.481205','236','max.mlelwa',3,'',7,2),(412,'2024-10-27 13:12:43.482787','216','mayunga.musa',3,'',7,2),(413,'2024-10-27 13:12:43.482787','195','mercy.lugala',3,'',7,2),(414,'2024-10-27 13:12:43.482787','106','methusela.naftary',3,'',7,2),(415,'2024-10-27 13:12:43.482787','64','milembe.maduhu',3,'',7,2),(416,'2024-10-27 13:12:43.482787','192','miriam.mhagama',3,'',7,2),(417,'2024-10-27 13:12:43.482787','122','modester.patrick',3,'',7,2),(418,'2024-10-27 13:12:43.482787','52','naomy.audax',3,'',7,2),(419,'2024-10-27 13:12:43.482787','213','neema.emelius',3,'',7,2),(420,'2024-10-27 13:12:43.482787','18','neema.joseph',3,'',7,2),(421,'2024-10-27 13:12:43.482787','141','neema.kasembe',3,'',7,2),(422,'2024-10-27 13:12:43.482787','189','neema.kwayu',3,'',7,2),(423,'2024-10-27 13:12:43.482787','119','neema.mwaisangu',3,'',7,2),(424,'2024-10-27 13:12:43.482787','117','neight.nelson',3,'',7,2),(425,'2024-10-27 13:12:43.482787','169','nelly.mbughi',3,'',7,2),(426,'2024-10-27 13:12:43.497813','186','nembrice.kivuyo',3,'',7,2),(427,'2024-10-27 13:12:43.498834','22','nestory.nyaluke',3,'',7,2),(428,'2024-10-27 13:12:43.499827','26','nobert.boniface',3,'',7,2),(429,'2024-10-27 13:12:43.499827','151','noela.fadhili',3,'',7,2),(430,'2024-10-27 13:12:43.499827','234','noela.raymond',3,'',7,2),(431,'2024-10-27 13:12:43.499827','226','nollah.mwalukasa',3,'',7,2),(432,'2024-10-27 13:12:43.499827','103','nsajigwa.ngobile',3,'',7,2),(433,'2024-10-27 13:12:43.499827','97','nyangusi.mollel',3,'',7,2),(434,'2024-10-27 13:12:43.499827','168','obadia.mpolo',3,'',7,2),(435,'2024-10-27 13:12:43.499827','48','obed.shoo',3,'',7,2),(436,'2024-10-27 13:12:43.499827','98','patricia.masanja',3,'',7,2),(437,'2024-10-27 13:12:43.499827','215','paul.william',3,'',7,2),(438,'2024-10-27 13:12:43.499827','166','paulo.nyakilizu',3,'',7,2),(439,'2024-10-27 13:12:43.499827','25','peter.chimola',3,'',7,2),(440,'2024-10-27 13:12:43.499827','194','petro.mwanja',3,'',7,2),(441,'2024-10-27 13:12:43.499827','111','pius.ernest',3,'',7,2),(442,'2024-10-27 13:12:43.514478','127','rahel.lifa',3,'',7,2),(443,'2024-10-27 13:12:43.516272','172','rahel.saguda',3,'',7,2),(444,'2024-10-27 13:12:43.516272','4','rahel.urio',3,'',7,2),(445,'2024-10-27 13:12:43.516272','180','renatus.simon',3,'',7,2),(446,'2024-10-27 13:12:43.516272','170','revice.ciprian',3,'',7,2),(447,'2024-10-27 13:12:43.516272','246','riziki.gervase',3,'',7,2),(448,'2024-10-27 13:12:43.516272','8','robert.gwamaka',3,'',7,2),(449,'2024-10-27 13:12:43.516272','67','robert.yesaya',3,'',7,2),(450,'2024-10-27 13:12:43.516272','14','ronald.mlay',3,'',7,2),(451,'2024-10-27 13:12:43.516272','230','salama.mwanjira',3,'',7,2),(452,'2024-10-27 13:12:43.516272','61','santael.elvis',3,'',7,2),(453,'2024-10-27 13:12:43.516272','167','sara.mazingo',3,'',7,2),(454,'2024-10-27 13:12:43.516272','84','sarah.joshua',3,'',7,2),(455,'2024-10-27 13:12:43.516272','46','saramina.mathias',3,'',7,2),(456,'2024-10-27 13:12:43.516272','125','sekela.mfugale',3,'',7,2),(457,'2024-10-27 13:12:43.516272','20','seth.machemba',3,'',7,2),(458,'2024-10-27 13:12:43.516272','16','shakila.bryson',3,'',7,2),(459,'2024-10-27 13:12:43.516272','228','shakira.bryson',3,'',7,2),(460,'2024-10-27 13:12:43.516272','155','sophia.ikomba',3,'',7,2),(461,'2024-10-27 13:12:43.516272','56','steve.wilson',3,'',7,2),(462,'2024-10-27 13:12:43.516272','174','steven.nkya',3,'',7,2),(463,'2024-10-27 13:12:43.531122','62','susan.shigela',3,'',7,2),(464,'2024-10-27 13:12:43.532175','200','suzana.saigela',3,'',7,2),(465,'2024-10-27 13:12:43.533229','23','tumaini.mollel',3,'',7,2),(466,'2024-10-27 13:12:43.534169','149','vaileth.jacob',3,'',7,2),(467,'2024-10-27 13:12:43.535169','181','vaileth.samson',3,'',7,2),(468,'2024-10-27 13:12:43.536098','110','vanes.faraja',3,'',7,2),(469,'2024-10-27 13:12:43.536098','144','winfrida.zephania',3,'',7,2),(470,'2024-10-27 13:12:43.537452','243','witness.elias',3,'',7,2),(471,'2024-10-27 13:12:43.538492','175','witness.msigala',3,'',7,2),(472,'2024-10-27 13:12:43.538492','140','zambeli.filemon',3,'',7,2),(473,'2024-10-27 13:12:49.614855','220','zerada.festo',3,'',7,2),(474,'2024-10-27 13:12:49.614855','54','ziada.mlonganile',3,'',7,2),(475,'2024-10-27 13:23:37.501523','43','abia.daniel',3,'',7,2),(476,'2024-10-27 13:23:37.501523','114','adela.magina',3,'',7,2),(477,'2024-10-27 13:23:37.501523','219','aganyira.festo',3,'',7,2),(478,'2024-10-27 13:23:37.516038','183','agnes.andrea',3,'',7,2),(479,'2024-10-27 13:23:37.517077','182','agnes.chanai',3,'',7,2),(480,'2024-10-27 13:23:37.518077','224','agrey.samwel',3,'',7,2),(481,'2024-10-27 13:23:37.518077','239','aidan.frank',3,'',7,2),(482,'2024-10-27 13:23:37.519077','214','alex.joel',3,'',7,2),(483,'2024-10-27 13:23:37.519749','85','alias.sandy',3,'',7,2),(484,'2024-10-27 13:23:37.520122','152','alice.abraham',3,'',7,2),(485,'2024-10-27 13:23:37.520122','165','allen.revocatus',3,'',7,2),(486,'2024-10-27 13:23:37.521139','42','alone.antony',3,'',7,2),(487,'2024-10-27 13:23:37.521139','13','amon.daniel',3,'',7,2),(488,'2024-10-27 13:23:37.522143','44','amos.charles',3,'',7,2),(489,'2024-10-27 13:23:37.522143','88','amos.masasi',3,'',7,2),(490,'2024-10-27 13:23:37.523146','36','amos.mbilinyi',3,'',7,2),(491,'2024-10-27 13:23:37.523146','133','anastazia.daudi',3,'',7,2),(492,'2024-10-27 13:23:37.524200','227','angel.bisenshoni',3,'',7,2),(493,'2024-10-27 13:23:37.525182','83','angel.malisa',3,'',7,2),(494,'2024-10-27 13:23:37.525182','58','angel.martin',3,'',7,2),(495,'2024-10-27 13:23:37.526140','34','angel.mulamuzi',3,'',7,2),(496,'2024-10-27 13:23:37.526140','93','angelina.shayo',3,'',7,2),(497,'2024-10-27 13:23:37.527160','232','anna.apolinali',3,'',7,2),(498,'2024-10-27 13:23:37.527160','218','anna.dameck',3,'',7,2),(499,'2024-10-27 13:23:37.528154','202','anna.shoo',3,'',7,2),(500,'2024-10-27 13:23:37.528154','147','anna.swai',3,'',7,2),(501,'2024-10-27 13:23:37.529140','146','anne.omary',3,'',7,2),(502,'2024-10-27 13:23:37.529140','145','anold.godfrey',3,'',7,2),(503,'2024-10-27 13:23:37.530133','121','anold.ngailo',3,'',7,2),(504,'2024-10-27 13:23:37.530133','233','atupokile.emmanuel',3,'',7,2),(505,'2024-10-27 13:23:37.531144','69','bahati.eliya',3,'',7,2),(506,'2024-10-27 13:23:37.531144','176','beatrice.godfrey',3,'',7,2),(507,'2024-10-27 13:23:37.532138','129','brandina.rogeth',3,'',7,2),(508,'2024-10-27 13:23:37.533162','247','brian.ringo',3,'',7,2),(509,'2024-10-27 13:23:37.533162','19','bright.samwel',3,'',7,2),(510,'2024-10-27 13:23:37.534171','150','brightness.geofrey',3,'',7,2),(511,'2024-10-27 13:23:37.534171','116','bryan.moses',3,'',7,2),(512,'2024-10-27 13:23:37.535173','173','catherine.avit',3,'',7,2),(513,'2024-10-27 13:23:37.535173','157','charles.mgohachi',3,'',7,2),(514,'2024-10-27 13:23:37.536355','30','charles.omary',3,'',7,2),(515,'2024-10-27 13:23:37.536877','102','daniel.fanuel',3,'',7,2),(516,'2024-10-27 13:23:37.536877','179','daniel.godson',3,'',7,2),(517,'2024-10-27 13:23:37.537883','142','dari0.mlikiwe',3,'',7,2),(518,'2024-10-27 13:23:37.537883','11','david.humphrey',3,'',7,2),(519,'2024-10-27 13:23:37.538881','204','debora.japhet',3,'',7,2),(520,'2024-10-27 13:23:37.538881','240','dioph.mwakyusa',3,'',7,2),(521,'2024-10-27 13:23:37.539882','33','dorice.edson',3,'',7,2),(522,'2024-10-27 13:23:37.540883','126','edisa.jokely',3,'',7,2),(523,'2024-10-27 13:23:37.540883','66','elizabeth.fundi',3,'',7,2),(524,'2024-10-27 13:23:37.541883','90','elizabeth.makanta',3,'',7,2),(525,'2024-10-27 13:23:37.541883','39','emmanuel.eliya',3,'',7,2),(526,'2024-10-27 13:23:37.542882','163','emmanuel.joseph',3,'',7,2),(527,'2024-10-27 13:23:37.542882','115','eniva.msosa',3,'',7,2),(528,'2024-10-27 13:23:37.543882','91','erick.richard',3,'',7,2),(529,'2024-10-27 13:23:37.543882','225','erson.erick',3,'',7,2),(530,'2024-10-27 13:23:37.545881','118','ester.maeda',3,'',7,2),(531,'2024-10-27 13:23:37.546916','244','ester.shiyengo',3,'',7,2),(532,'2024-10-27 13:23:37.547916','94','esther.laurence',3,'',7,2),(533,'2024-10-27 13:23:37.547916','198','evaline.willy',3,'',7,2),(534,'2024-10-27 13:23:37.548916','208','evelyne.james',3,'',7,2),(535,'2024-10-27 13:23:37.550039','12','faraja.gabriel',3,'',7,2),(536,'2024-10-27 13:23:37.550039','191','felista.isack',3,'',7,2),(537,'2024-10-27 13:23:37.551065','113','felista.james',3,'',7,2),(538,'2024-10-27 13:23:37.552062','139','felista.sauros',3,'',7,2),(539,'2024-10-27 13:23:37.553062','153','francis.clemence',3,'',7,2),(540,'2024-10-27 13:23:37.553548','78','francis.meibuko',3,'',7,2),(541,'2024-10-27 13:23:37.553548','123','fred.ambrose',3,'',7,2),(542,'2024-10-27 13:23:37.554552','222','fred.kitomo',3,'',7,2),(543,'2024-10-27 13:23:37.554552','161','gabriel.ngawala',3,'',7,2),(544,'2024-10-27 13:23:37.555552','82','georgina.george',3,'',7,2),(545,'2024-10-27 13:23:37.555552','38','gladness.mwacha',3,'',7,2),(546,'2024-10-27 13:23:37.556456','37','gloria.mtelesi',3,'',7,2),(547,'2024-10-27 13:23:37.557502','92','gloria.nyagawa',3,'',7,2),(548,'2024-10-27 13:23:37.557502','197','glory.festo',3,'',7,2),(549,'2024-10-27 13:23:37.558503','238','glory.goodluck',3,'',7,2),(550,'2024-10-27 13:23:37.558503','178','godfrey.ezekiel',3,'',7,2),(551,'2024-10-27 13:23:37.559502','87','good.christopher',3,'',7,2),(552,'2024-10-27 13:23:37.560502','158','gracious.mhoka',3,'',7,2),(553,'2024-10-27 13:23:37.560502','124','gradness.salingo',3,'',7,2),(554,'2024-10-27 13:23:37.561502','7','hapiness.nyombe',3,'',7,2),(555,'2024-10-27 13:23:37.561502','242','happiness.abdallah',3,'',7,2),(556,'2024-10-27 13:23:37.562502','35','heavenlight.mushi',3,'',7,2),(557,'2024-10-27 13:23:37.562502','138','hilary.andrew',3,'',7,2),(558,'2024-10-27 13:23:37.563501','223','hilary.onesmo',3,'',7,2),(559,'2024-10-27 13:23:37.564294','10','hynacy.charles',3,'',7,2),(560,'2024-10-27 13:23:37.565299','156','irene.kinyamasongo',3,'',7,2),(561,'2024-10-27 13:23:37.565299','143','irene.sam',3,'',7,2),(562,'2024-10-27 13:23:37.566471','201','irene.samwel',3,'',7,2),(563,'2024-10-27 13:23:37.567475','15','isaya.lewis',3,'',7,2),(564,'2024-10-27 13:23:37.568473','40','ishimwe.enock',3,'',7,2),(565,'2024-10-27 13:23:37.568473','130','jackline.mmuru',3,'',7,2),(566,'2024-10-27 13:23:37.569614','112','jackline.said',3,'',7,2),(567,'2024-10-27 13:23:37.569967','86','jane.hope',3,'',7,2),(568,'2024-10-27 13:23:37.569967','27','jane.justine',3,'',7,2),(569,'2024-10-27 13:23:37.570986','229','jane.mkoi',3,'',7,2),(570,'2024-10-27 13:23:37.570986','28','janeth.fundisha',3,'',7,2),(571,'2024-10-27 13:23:37.572409','9','janeth.kafti',3,'',7,2),(572,'2024-10-27 13:23:37.572409','6','janeth.lukindo',3,'',7,2),(573,'2024-10-27 13:23:37.573548','241','janeth.themistocles',3,'',7,2),(574,'2024-10-27 13:23:47.510910','185','january.elias',3,'',7,2),(575,'2024-10-27 13:23:47.512921','108','japhet.msese',3,'',7,2),(576,'2024-10-27 13:23:47.513852','29','jessca.gideon',3,'',7,2),(577,'2024-10-27 13:23:47.513852','171','jessca.reuben',3,'',7,2),(578,'2024-10-27 13:23:47.514847','45','joel.mramba',3,'',7,2),(579,'2024-10-27 13:23:47.514847','160','john.masebo',3,'',7,2),(580,'2024-10-27 13:23:47.516010','59','jonas.mwakabungu',3,'',7,2),(581,'2024-10-27 13:23:47.517105','104','joseph.philipo',3,'',7,2),(582,'2024-10-27 13:23:47.518051','188','joseph.samwel',3,'',7,2),(583,'2024-10-27 13:23:47.518051','248','joshua.kabanga',3,'',7,2),(584,'2024-10-27 13:23:47.519081','109','joshua.paulo',3,'',7,2),(585,'2024-10-27 13:23:47.519081','47','jovina.johnson',3,'',7,2),(586,'2024-10-27 13:23:47.520103','41','joyce.jackson',3,'',7,2),(587,'2024-10-27 13:23:47.520103','131','judith.emanuel',3,'',7,2),(588,'2024-10-27 13:23:47.521047','89','julieth.mutungi',3,'',7,2),(589,'2024-10-27 13:23:47.522045','17','julius.gumbo',3,'',7,2),(590,'2024-10-27 13:23:47.523054','235','junior.francis',3,'',7,2),(591,'2024-10-27 13:23:47.524051','57','junior.julius',3,'',7,2),(592,'2024-10-27 13:23:47.525057','21','kerry.felix',3,'',7,2),(593,'2024-10-27 13:23:47.525057','31','kiharath.zuita',3,'',7,2),(594,'2024-10-27 13:23:47.526071','75','lameck.mtale',3,'',7,2),(595,'2024-10-27 13:23:47.526071','136','laura.mambosho',3,'',7,2),(596,'2024-10-27 13:23:47.527083','99','lisa.martin',3,'',7,2),(597,'2024-10-27 13:23:47.527083','32','loina.michael',3,'',7,2),(598,'2024-10-27 13:23:47.528046','137','lugano.mwakapuku',3,'',7,2),(599,'2024-10-27 13:23:47.528046','65','luka.mgaya',3,'',7,2),(600,'2024-10-27 13:23:47.529049','206','lydia.metta',3,'',7,2),(601,'2024-10-27 13:23:47.529049','212','magdalena.emmanuel',3,'',7,2),(602,'2024-10-27 13:23:47.530052','24','magembe.richard',3,'',7,2),(603,'2024-10-27 13:23:47.530052','105','maria.godbless',3,'',7,2),(604,'2024-10-27 13:23:47.531065','95','mariam.dotto',3,'',7,2),(605,'2024-10-27 13:23:47.532014','184','mariam.mussa',3,'',7,2),(606,'2024-10-27 13:23:47.532456','71','mariam.mzava',3,'',7,2),(607,'2024-10-27 13:23:47.532456','134','martha.deus',3,'',7,2),(608,'2024-10-27 13:23:47.532456','203','martina.arthur',3,'',7,2),(609,'2024-10-27 13:23:47.532456','187','maurine.kanza',3,'',7,2),(610,'2024-10-27 13:23:47.532456','132','mawazo.charles',3,'',7,2),(611,'2024-10-27 13:23:47.532456','236','max.mlelwa',3,'',7,2),(612,'2024-10-27 13:23:47.532456','216','mayunga.musa',3,'',7,2),(613,'2024-10-27 13:23:47.532456','195','mercy.lugala',3,'',7,2),(614,'2024-10-27 13:23:47.532456','106','methusela.naftary',3,'',7,2),(615,'2024-10-27 13:23:47.532456','64','milembe.maduhu',3,'',7,2),(616,'2024-10-27 13:23:47.532456','192','miriam.mhagama',3,'',7,2),(617,'2024-10-27 13:23:47.532456','122','modester.patrick',3,'',7,2),(618,'2024-10-27 13:23:47.532456','52','naomy.audax',3,'',7,2),(619,'2024-10-27 13:23:47.532456','213','neema.emelius',3,'',7,2),(620,'2024-10-27 13:23:47.532456','18','neema.joseph',3,'',7,2),(621,'2024-10-27 13:23:47.532456','141','neema.kasembe',3,'',7,2),(622,'2024-10-27 13:23:47.532456','189','neema.kwayu',3,'',7,2),(623,'2024-10-27 13:23:47.532456','119','neema.mwaisangu',3,'',7,2),(624,'2024-10-27 13:23:47.532456','117','neight.nelson',3,'',7,2),(625,'2024-10-27 13:23:47.532456','169','nelly.mbughi',3,'',7,2),(626,'2024-10-27 13:23:47.532456','186','nembrice.kivuyo',3,'',7,2),(627,'2024-10-27 13:23:47.532456','22','nestory.nyaluke',3,'',7,2),(628,'2024-10-27 13:23:47.532456','26','nobert.boniface',3,'',7,2),(629,'2024-10-27 13:23:47.532456','151','noela.fadhili',3,'',7,2),(630,'2024-10-27 13:23:47.532456','234','noela.raymond',3,'',7,2),(631,'2024-10-27 13:23:47.532456','226','nollah.mwalukasa',3,'',7,2),(632,'2024-10-27 13:23:47.532456','103','nsajigwa.ngobile',3,'',7,2),(633,'2024-10-27 13:23:47.532456','97','nyangusi.mollel',3,'',7,2),(634,'2024-10-27 13:23:47.548114','168','obadia.mpolo',3,'',7,2),(635,'2024-10-27 13:23:47.548114','48','obed.shoo',3,'',7,2),(636,'2024-10-27 13:23:47.549056','98','patricia.masanja',3,'',7,2),(637,'2024-10-27 13:23:47.550023','215','paul.william',3,'',7,2),(638,'2024-10-27 13:23:47.550023','166','paulo.nyakilizu',3,'',7,2),(639,'2024-10-27 13:23:47.550023','25','peter.chimola',3,'',7,2),(640,'2024-10-27 13:23:47.550023','194','petro.mwanja',3,'',7,2),(641,'2024-10-27 13:23:47.550023','111','pius.ernest',3,'',7,2),(642,'2024-10-27 13:23:47.550023','127','rahel.lifa',3,'',7,2),(643,'2024-10-27 13:23:47.550023','172','rahel.saguda',3,'',7,2),(644,'2024-10-27 13:23:47.550023','4','rahel.urio',3,'',7,2),(645,'2024-10-27 13:23:47.550023','180','renatus.simon',3,'',7,2),(646,'2024-10-27 13:23:47.550023','170','revice.ciprian',3,'',7,2),(647,'2024-10-27 13:23:47.550023','246','riziki.gervase',3,'',7,2),(648,'2024-10-27 13:23:47.550023','8','robert.gwamaka',3,'',7,2),(649,'2024-10-27 13:23:47.550023','67','robert.yesaya',3,'',7,2),(650,'2024-10-27 13:23:47.550023','14','ronald.mlay',3,'',7,2),(651,'2024-10-27 13:23:47.550023','230','salama.mwanjira',3,'',7,2),(652,'2024-10-27 13:23:47.550023','61','santael.elvis',3,'',7,2),(653,'2024-10-27 13:23:47.550023','167','sara.mazingo',3,'',7,2),(654,'2024-10-27 13:23:47.559568','84','sarah.joshua',3,'',7,2),(655,'2024-10-27 13:23:47.559568','46','saramina.mathias',3,'',7,2),(656,'2024-10-27 13:23:47.559568','125','sekela.mfugale',3,'',7,2),(657,'2024-10-27 13:23:47.559568','20','seth.machemba',3,'',7,2),(658,'2024-10-27 13:23:47.559568','16','shakila.bryson',3,'',7,2),(659,'2024-10-27 13:23:47.559568','228','shakira.bryson',3,'',7,2),(660,'2024-10-27 13:23:47.559568','155','sophia.ikomba',3,'',7,2),(661,'2024-10-27 13:23:47.559568','56','steve.wilson',3,'',7,2),(662,'2024-10-27 13:23:47.559568','174','steven.nkya',3,'',7,2),(663,'2024-10-27 13:23:47.559568','62','susan.shigela',3,'',7,2),(664,'2024-10-27 13:23:47.565106','200','suzana.saigela',3,'',7,2),(665,'2024-10-27 13:23:47.565760','23','tumaini.mollel',3,'',7,2),(666,'2024-10-27 13:23:47.566077','149','vaileth.jacob',3,'',7,2),(667,'2024-10-27 13:23:47.567155','181','vaileth.samson',3,'',7,2),(668,'2024-10-27 13:23:47.567155','110','vanes.faraja',3,'',7,2),(669,'2024-10-27 13:23:47.568199','144','winfrida.zephania',3,'',7,2),(670,'2024-10-27 13:23:47.568199','243','witness.elias',3,'',7,2),(671,'2024-10-27 13:23:47.569141','175','witness.msigala',3,'',7,2),(672,'2024-10-27 13:23:47.570149','140','zambeli.filemon',3,'',7,2),(673,'2024-10-27 13:23:55.267211','220','zerada.festo',3,'',7,2),(674,'2024-10-27 13:23:55.267211','54','ziada.mlonganile',3,'',7,2),(675,'2024-10-28 13:30:08.069171','445','joshua.kabanga-DIT-5000.00',3,'',19,2),(676,'2024-10-28 13:30:08.076171','444','brian.ringo-BBA-MM-5000.00',3,'',19,2),(677,'2024-10-28 13:30:08.077197','443','riziki.gervase-BAF-PS-5000.00',3,'',19,2),(678,'2024-10-29 10:13:55.166323','2','HOE',1,'[{\"added\": {}}]',25,2),(679,'2024-10-29 13:29:03.120633','3','HOE',3,'',25,2),(680,'2024-10-29 13:29:03.122931','2','HOE',3,'',25,2),(681,'2024-10-29 14:40:21.223936','1','HOE',1,'[{\"added\": {}}]',22,2);
/*!40000 ALTER TABLE `django_admin_log` ENABLE KEYS */;
UNLOCK TABLES;

--
-- Table structure for table `django_content_type`
--

DROP TABLE IF EXISTS `django_content_type`;
/*!40101 SET @saved_cs_client     = @@character_set_client */;
/*!50503 SET character_set_client = utf8mb4 */;
CREATE TABLE `django_content_type` (
  `id` int(11) NOT NULL AUTO_INCREMENT,
  `app_label` varchar(100) NOT NULL,
  `model` varchar(100) NOT NULL,
  PRIMARY KEY (`id`),
  UNIQUE KEY `django_content_type_app_label_model_76bd3d3b_uniq` (`app_label`,`model`)
) ENGINE=InnoDB AUTO_INCREMENT=26 DEFAULT CHARSET=latin1;
/*!40101 SET character_set_client = @saved_cs_client */;

--
-- Dumping data for table `django_content_type`
--

LOCK TABLES `django_content_type` WRITE;
/*!40000 ALTER TABLE `django_content_type` DISABLE KEYS */;
INSERT INTO `django_content_type` VALUES (1,'admin','logentry'),(3,'auth','group'),(2,'auth','permission'),(4,'contenttypes','contenttype'),(21,'registration','account'),(18,'registration','bill'),(13,'registration','committee'),(9,'registration','department'),(23,'registration','event'),(25,'registration','eventbill'),(22,'registration','eventcollection'),(24,'registration','eventcommittee'),(6,'registration','level'),(15,'registration','position'),(10,'registration','programme'),(17,'registration','semester'),(16,'registration','semister'),(11,'registration','student'),(19,'registration','studentbill'),(20,'registration','studentbillpayment'),(12,'registration','studentcommittee'),(8,'registration','unit'),(7,'registration','user'),(14,'registration','year'),(5,'sessions','session');
/*!40000 ALTER TABLE `django_content_type` ENABLE KEYS */;
UNLOCK TABLES;

--
-- Table structure for table `django_migrations`
--

DROP TABLE IF EXISTS `django_migrations`;
/*!40101 SET @saved_cs_client     = @@character_set_client */;
/*!50503 SET character_set_client = utf8mb4 */;
CREATE TABLE `django_migrations` (
  `id` bigint(20) NOT NULL AUTO_INCREMENT,
  `app` varchar(255) NOT NULL,
  `name` varchar(255) NOT NULL,
  `applied` datetime(6) NOT NULL,
  PRIMARY KEY (`id`)
) ENGINE=InnoDB AUTO_INCREMENT=44 DEFAULT CHARSET=latin1;
/*!40101 SET character_set_client = @saved_cs_client */;

--
-- Dumping data for table `django_migrations`
--

LOCK TABLES `django_migrations` WRITE;
/*!40000 ALTER TABLE `django_migrations` DISABLE KEYS */;
INSERT INTO `django_migrations` VALUES (1,'contenttypes','0001_initial','2024-10-22 12:05:33.663855'),(2,'contenttypes','0002_remove_content_type_name','2024-10-22 12:05:33.710697'),(3,'auth','0001_initial','2024-10-22 12:05:33.835698'),(4,'auth','0002_alter_permission_name_max_length','2024-10-22 12:05:33.835698'),(5,'auth','0003_alter_user_email_max_length','2024-10-22 12:05:33.851322'),(6,'auth','0004_alter_user_username_opts','2024-10-22 12:05:33.851322'),(7,'auth','0005_alter_user_last_login_null','2024-10-22 12:05:33.851322'),(8,'auth','0006_require_contenttypes_0002','2024-10-22 12:05:33.851322'),(9,'auth','0007_alter_validators_add_error_messages','2024-10-22 12:05:33.866955'),(10,'auth','0008_alter_user_username_max_length','2024-10-22 12:05:33.866955'),(11,'auth','0009_alter_user_last_name_max_length','2024-10-22 12:05:33.866955'),(12,'auth','0010_alter_group_name_max_length','2024-10-22 12:05:33.882609'),(13,'auth','0011_update_proxy_permissions','2024-10-22 12:05:33.898213'),(14,'auth','0012_alter_user_first_name_max_length','2024-10-22 12:05:33.898213'),(15,'registration','0001_initial','2024-10-22 12:05:34.226328'),(16,'admin','0001_initial','2024-10-22 12:05:34.289233'),(17,'admin','0002_logentry_remove_auto_add','2024-10-22 12:05:34.304858'),(18,'admin','0003_logentry_add_action_flag_choices','2024-10-22 12:05:34.304858'),(19,'sessions','0001_initial','2024-10-22 12:05:34.336107'),(20,'registration','0002_alter_user_options_alter_programme_unique_together_and_more','2024-10-22 12:07:08.399627'),(21,'registration','0003_committee_studentcommittee','2024-10-22 13:10:45.313111'),(22,'registration','0004_year_year_only one year to be current','2024-10-22 13:43:06.892600'),(23,'registration','0005_position','2024-10-24 13:21:51.669003'),(24,'registration','0006_semister_remove_year_only one year to be current_and_more','2024-10-26 12:02:29.620568'),(25,'registration','0007_semester_delete_semister_and_more','2024-10-26 12:30:42.025716'),(26,'registration','0008_bill_studentbill_studentbillpayment_and_more','2024-10-26 13:39:44.146081'),(27,'registration','0009_alter_studentbillpayment_created_by','2024-10-26 13:48:30.905663'),(28,'registration','0010_bill_semester_alter_studentbill_unique_together_and_more','2024-10-26 14:17:29.893114'),(29,'registration','0011_alter_bill_unique_together','2024-10-26 14:28:56.730966'),(30,'registration','0012_alter_bill_name','2024-10-26 14:39:28.725049'),(31,'registration','0013_account_alter_studentbill_status','2024-10-26 15:27:54.884809'),(32,'registration','0014_studentbill_paid_amount_studentbillpayment_method','2024-10-26 16:34:46.065603'),(33,'registration','0015_alter_studentbill_paid_amount','2024-10-27 13:13:18.801434'),(34,'registration','0016_event_eventcommittee_eventcollection_eventbill','2024-10-28 16:23:36.763031'),(35,'registration','0017_rename_end_date_event_event_date_and_more','2024-10-29 06:03:28.543065'),(36,'registration','0018_alter_eventcollection_options_remove_event_semester_and_more','2024-10-29 10:07:41.170229'),(37,'registration','0019_eventbill_status','2024-10-29 10:16:27.545868'),(38,'registration','0020_eventcollection_method','2024-10-29 10:19:51.496845'),(39,'registration','0021_alter_eventbill_amount_and_more','2024-10-29 13:29:12.626243'),(40,'registration','0022_alter_eventcommittee_unique_together','2024-10-29 14:11:26.930006'),(41,'registration','0023_alter_eventcommittee_unique_together','2024-10-29 14:15:25.671779'),(42,'registration','0024_rename_collected_amount_eventcollection_paid_amount','2024-10-29 14:36:45.541991'),(43,'registration','0025_remove_eventcollection_projection','2024-10-29 14:40:10.090756');
/*!40000 ALTER TABLE `django_migrations` ENABLE KEYS */;
UNLOCK TABLES;

--
-- Table structure for table `django_session`
--

DROP TABLE IF EXISTS `django_session`;
/*!40101 SET @saved_cs_client     = @@character_set_client */;
/*!50503 SET character_set_client = utf8mb4 */;
CREATE TABLE `django_session` (
  `session_key` varchar(40) NOT NULL,
  `session_data` longtext NOT NULL,
  `expire_date` datetime(6) NOT NULL,
  PRIMARY KEY (`session_key`),
  KEY `django_session_expire_date_a5c62663` (`expire_date`)
) ENGINE=InnoDB DEFAULT CHARSET=latin1;
/*!40101 SET character_set_client = @saved_cs_client */;

--
-- Dumping data for table `django_session`
--

LOCK TABLES `django_session` WRITE;
/*!40000 ALTER TABLE `django_session` DISABLE KEYS */;
INSERT INTO `django_session` VALUES ('xw517zlcueda1bytjwbhlsk0ntdt1phj','.eJxVjMsOwiAQRf-FtSEwWGBcuvcbyAwPqRqalHZl_HfbpAvd3nPOfYtA61LD2vMcxiQuAsTpd2OKz9x2kB7U7pOMU1vmkeWuyIN2eZtSfl0P9--gUq9b7TUx--iU14jOFjAwgOVC7GKMlpGMQ0MGNCt3RusxFV-UBx7YbKX4fAHZYzex:1t5n9N:Z7zeule365l52ch7f_ebpwGAwWOfrLKoKmFmMV-nMxU','2024-11-12 14:24:49.029503');
/*!40000 ALTER TABLE `django_session` ENABLE KEYS */;
UNLOCK TABLES;

--
-- Table structure for table `event`
--

DROP TABLE IF EXISTS `event`;
/*!40101 SET @saved_cs_client     = @@character_set_client */;
/*!50503 SET character_set_client = utf8mb4 */;
CREATE TABLE `event` (
  `id` bigint(20) NOT NULL AUTO_INCREMENT,
  `title` varchar(100) NOT NULL,
  `description` longtext NOT NULL,
  `event_date` date NOT NULL,
  `start_time` time(6) NOT NULL,
  `end_time` time(6) NOT NULL,
  `location` varchar(100) NOT NULL,
  `projection` decimal(10,2) NOT NULL,
  `committee_amount` decimal(10,2) NOT NULL,
  `member_amount` decimal(10,2) NOT NULL,
  `collected_amount` decimal(10,2) NOT NULL,
  `created` datetime(6) NOT NULL,
  `updated` datetime(6) NOT NULL,
  PRIMARY KEY (`id`)
) ENGINE=InnoDB AUTO_INCREMENT=2 DEFAULT CHARSET=latin1;
/*!40101 SET character_set_client = @saved_cs_client */;

--
-- Dumping data for table `event`
--

LOCK TABLES `event` WRITE;
/*!40000 ALTER TABLE `event` DISABLE KEYS */;
INSERT INTO `event` VALUES (1,'HOE','Heaven on Earth','2025-01-17','20:00:00.000000','05:00:00.000000','Mzumbe-CCT',8000000.00,50000.00,10000.00,0.00,'2024-10-29 06:35:14.506850','2024-10-29 07:25:52.736860');
/*!40000 ALTER TABLE `event` ENABLE KEYS */;
UNLOCK TABLES;

--
-- Table structure for table `event_bill`
--

DROP TABLE IF EXISTS `event_bill`;
/*!40101 SET @saved_cs_client     = @@character_set_client */;
/*!50503 SET character_set_client = utf8mb4 */;
CREATE TABLE `event_bill` (
  `id` bigint(20) NOT NULL AUTO_INCREMENT,
  `amount` decimal(10,2) NOT NULL,
  `for_committee` tinyint(1) NOT NULL,
  `created` datetime(6) NOT NULL,
  `updated` datetime(6) NOT NULL,
  `event_id` bigint(20) NOT NULL,
  `student_id` bigint(20) NOT NULL,
  `paid_amount` decimal(10,2) NOT NULL,
  `status` varchar(20) NOT NULL,
  PRIMARY KEY (`id`),
  UNIQUE KEY `event_bill_event_id_student_id_63f2d747_uniq` (`event_id`,`student_id`),
  KEY `event_bill_student_id_f1f41b2e_fk_student_id` (`student_id`),
  CONSTRAINT `event_bill_event_id_4d9559e8_fk_event_id` FOREIGN KEY (`event_id`) REFERENCES `event` (`id`),
  CONSTRAINT `event_bill_student_id_f1f41b2e_fk_student_id` FOREIGN KEY (`student_id`) REFERENCES `student` (`id`)
) ENGINE=InnoDB AUTO_INCREMENT=1939 DEFAULT CHARSET=latin1;
/*!40101 SET character_set_client = @saved_cs_client */;

--
-- Dumping data for table `event_bill`
--

LOCK TABLES `event_bill` WRITE;
/*!40000 ALTER TABLE `event_bill` DISABLE KEYS */;
INSERT INTO `event_bill` VALUES (1697,50000.00,0,'2024-10-29 14:24:46.827407','2024-10-29 14:24:46.827407',1,609,0.00,'unpaid'),(1698,10000.00,0,'2024-10-29 14:24:46.827407','2024-10-29 14:24:46.827407',1,610,0.00,'unpaid'),(1699,10000.00,0,'2024-10-29 14:24:46.838552','2024-10-29 14:24:46.838552',1,611,0.00,'unpaid'),(1700,10000.00,0,'2024-10-29 14:24:46.838552','2024-10-29 14:24:46.838552',1,612,0.00,'unpaid'),(1701,10000.00,0,'2024-10-29 14:24:46.843060','2024-10-29 14:24:46.843060',1,613,0.00,'unpaid'),(1702,10000.00,0,'2024-10-29 14:24:46.843060','2024-10-29 14:24:46.843060',1,614,0.00,'unpaid'),(1703,10000.00,0,'2024-10-29 14:24:46.843060','2024-10-29 14:24:46.843060',1,615,0.00,'unpaid'),(1704,10000.00,0,'2024-10-29 14:24:46.843060','2024-10-29 14:24:46.843060',1,616,0.00,'unpaid'),(1705,10000.00,0,'2024-10-29 14:24:46.843060','2024-10-29 14:24:46.843060',1,617,0.00,'unpaid'),(1706,10000.00,0,'2024-10-29 14:24:46.855021','2024-10-29 14:24:46.855021',1,618,0.00,'unpaid'),(1707,10000.00,0,'2024-10-29 14:24:46.855201','2024-10-29 14:24:46.855201',1,619,0.00,'unpaid'),(1708,10000.00,0,'2024-10-29 14:24:46.855201','2024-10-29 14:24:46.855201',1,620,0.00,'unpaid'),(1709,10000.00,0,'2024-10-29 14:24:46.855201','2024-10-29 14:24:46.855201',1,621,0.00,'unpaid'),(1710,10000.00,0,'2024-10-29 14:24:46.855201','2024-10-29 14:24:46.855201',1,622,0.00,'unpaid'),(1711,10000.00,0,'2024-10-29 14:24:46.855201','2024-10-29 14:24:46.855201',1,623,0.00,'unpaid'),(1712,10000.00,0,'2024-10-29 14:24:46.855201','2024-10-29 14:24:46.855201',1,624,0.00,'unpaid'),(1713,10000.00,0,'2024-10-29 14:24:46.855201','2024-10-29 14:24:46.855201',1,625,0.00,'unpaid'),(1714,10000.00,0,'2024-10-29 14:24:46.870411','2024-10-29 14:24:46.870411',1,626,0.00,'unpaid'),(1715,10000.00,0,'2024-10-29 14:24:46.872948','2024-10-29 14:24:46.872948',1,627,0.00,'unpaid'),(1716,10000.00,0,'2024-10-29 14:24:46.872948','2024-10-29 14:24:46.872948',1,628,0.00,'unpaid'),(1717,10000.00,0,'2024-10-29 14:24:46.872948','2024-10-29 14:24:46.872948',1,629,0.00,'unpaid'),(1718,10000.00,0,'2024-10-29 14:24:46.872948','2024-10-29 14:24:46.872948',1,630,0.00,'unpaid'),(1719,10000.00,0,'2024-10-29 14:24:46.872948','2024-10-29 14:24:46.872948',1,631,0.00,'unpaid'),(1720,10000.00,0,'2024-10-29 14:24:46.872948','2024-10-29 14:24:46.872948',1,632,0.00,'unpaid'),(1721,10000.00,0,'2024-10-29 14:24:46.872948','2024-10-29 14:24:46.872948',1,633,0.00,'unpaid'),(1722,10000.00,0,'2024-10-29 14:24:46.872948','2024-10-29 14:24:46.872948',1,634,0.00,'unpaid'),(1723,10000.00,0,'2024-10-29 14:24:46.872948','2024-10-29 14:24:46.872948',1,635,0.00,'unpaid'),(1724,10000.00,0,'2024-10-29 14:24:46.888500','2024-10-29 14:24:46.888500',1,636,0.00,'unpaid'),(1725,10000.00,0,'2024-10-29 14:24:46.888500','2024-10-29 14:24:46.888500',1,637,0.00,'unpaid'),(1726,10000.00,0,'2024-10-29 14:24:46.888500','2024-10-29 14:24:46.888500',1,638,0.00,'unpaid'),(1727,10000.00,0,'2024-10-29 14:24:46.888500','2024-10-29 14:24:46.888500',1,639,0.00,'unpaid'),(1728,10000.00,0,'2024-10-29 14:24:46.888500','2024-10-29 14:24:46.888500',1,640,0.00,'unpaid'),(1729,10000.00,0,'2024-10-29 14:24:46.888500','2024-10-29 14:24:46.888500',1,641,0.00,'unpaid'),(1730,10000.00,0,'2024-10-29 14:24:46.888500','2024-10-29 14:24:46.888500',1,642,0.00,'unpaid'),(1731,10000.00,0,'2024-10-29 14:24:46.888500','2024-10-29 14:24:46.888500',1,643,0.00,'unpaid'),(1732,10000.00,0,'2024-10-29 14:24:46.888500','2024-10-29 14:24:46.888500',1,644,0.00,'unpaid'),(1733,10000.00,0,'2024-10-29 14:24:46.888500','2024-10-29 14:24:46.888500',1,645,0.00,'unpaid'),(1734,10000.00,0,'2024-10-29 14:24:46.904891','2024-10-29 14:24:46.904891',1,646,0.00,'unpaid'),(1735,10000.00,0,'2024-10-29 14:24:46.907930','2024-10-29 14:24:46.907930',1,647,0.00,'unpaid'),(1736,10000.00,0,'2024-10-29 14:24:46.909869','2024-10-29 14:24:46.909869',1,648,0.00,'unpaid'),(1737,10000.00,0,'2024-10-29 14:24:46.910943','2024-10-29 14:24:46.910943',1,649,0.00,'unpaid'),(1738,10000.00,0,'2024-10-29 14:24:46.913377','2024-10-29 14:24:46.913377',1,650,0.00,'unpaid'),(1739,10000.00,0,'2024-10-29 14:24:46.914376','2024-10-29 14:24:46.914376',1,651,0.00,'unpaid'),(1740,10000.00,0,'2024-10-29 14:24:46.915376','2024-10-29 14:24:46.915376',1,652,0.00,'unpaid'),(1741,10000.00,0,'2024-10-29 14:24:46.917376','2024-10-29 14:24:46.917376',1,653,0.00,'unpaid'),(1742,10000.00,0,'2024-10-29 14:24:46.918375','2024-10-29 14:24:46.918375',1,654,0.00,'unpaid'),(1743,10000.00,0,'2024-10-29 14:24:46.920198','2024-10-29 14:24:46.921199',1,655,0.00,'unpaid'),(1744,10000.00,0,'2024-10-29 14:24:46.923198','2024-10-29 14:24:46.923198',1,656,0.00,'unpaid'),(1745,10000.00,0,'2024-10-29 14:24:46.924198','2024-10-29 14:24:46.924198',1,657,0.00,'unpaid'),(1746,10000.00,0,'2024-10-29 14:24:46.926198','2024-10-29 14:24:46.926198',1,658,0.00,'unpaid'),(1747,10000.00,0,'2024-10-29 14:24:46.927885','2024-10-29 14:24:46.927885',1,659,0.00,'unpaid'),(1748,10000.00,0,'2024-10-29 14:24:46.928884','2024-10-29 14:24:46.928884',1,660,0.00,'unpaid'),(1749,10000.00,0,'2024-10-29 14:24:46.929760','2024-10-29 14:24:46.929760',1,661,0.00,'unpaid'),(1750,10000.00,0,'2024-10-29 14:24:46.931817','2024-10-29 14:24:46.931817',1,662,0.00,'unpaid'),(1751,10000.00,0,'2024-10-29 14:24:46.932817','2024-10-29 14:24:46.932817',1,663,0.00,'unpaid'),(1752,10000.00,0,'2024-10-29 14:24:46.933817','2024-10-29 14:24:46.933817',1,664,0.00,'unpaid'),(1753,10000.00,0,'2024-10-29 14:24:46.936030','2024-10-29 14:24:46.936030',1,665,0.00,'unpaid'),(1754,10000.00,0,'2024-10-29 14:24:46.938139','2024-10-29 14:24:46.938139',1,666,0.00,'unpaid'),(1755,10000.00,0,'2024-10-29 14:24:46.940138','2024-10-29 14:24:46.940138',1,667,0.00,'unpaid'),(1756,10000.00,0,'2024-10-29 14:24:46.942138','2024-10-29 14:24:46.942138',1,668,0.00,'unpaid'),(1757,10000.00,0,'2024-10-29 14:24:46.942924','2024-10-29 14:24:46.942924',1,669,0.00,'unpaid'),(1758,10000.00,0,'2024-10-29 14:24:46.944937','2024-10-29 14:24:46.944937',1,670,0.00,'unpaid'),(1759,10000.00,0,'2024-10-29 14:24:46.945937','2024-10-29 14:24:46.945937',1,671,0.00,'unpaid'),(1760,10000.00,0,'2024-10-29 14:24:46.947076','2024-10-29 14:24:46.947076',1,672,0.00,'unpaid'),(1761,10000.00,0,'2024-10-29 14:24:46.948282','2024-10-29 14:24:46.948282',1,673,0.00,'unpaid'),(1762,10000.00,0,'2024-10-29 14:24:46.950796','2024-10-29 14:24:46.950796',1,674,0.00,'unpaid'),(1763,10000.00,0,'2024-10-29 14:24:46.951831','2024-10-29 14:24:46.951831',1,675,0.00,'unpaid'),(1764,10000.00,0,'2024-10-29 14:24:46.953796','2024-10-29 14:24:46.953796',1,676,0.00,'unpaid'),(1765,10000.00,0,'2024-10-29 14:24:46.955925','2024-10-29 14:24:46.955925',1,677,0.00,'unpaid'),(1766,10000.00,0,'2024-10-29 14:24:46.957874','2024-10-29 14:24:46.957874',1,678,0.00,'unpaid'),(1767,10000.00,0,'2024-10-29 14:24:46.960048','2024-10-29 14:24:46.960048',1,679,0.00,'unpaid'),(1768,10000.00,0,'2024-10-29 14:24:46.962029','2024-10-29 14:24:46.962029',1,680,0.00,'unpaid'),(1769,10000.00,0,'2024-10-29 14:24:46.963039','2024-10-29 14:24:46.963039',1,681,0.00,'unpaid'),(1770,10000.00,0,'2024-10-29 14:24:46.964132','2024-10-29 14:24:46.964132',1,682,0.00,'unpaid'),(1771,10000.00,0,'2024-10-29 14:24:46.966396','2024-10-29 14:24:46.966396',1,683,0.00,'unpaid'),(1772,10000.00,0,'2024-10-29 14:24:46.967247','2024-10-29 14:24:46.967247',1,684,0.00,'unpaid'),(1773,10000.00,0,'2024-10-29 14:24:46.969359','2024-10-29 14:24:46.969359',1,685,0.00,'unpaid'),(1774,10000.00,0,'2024-10-29 14:24:46.971744','2024-10-29 14:24:46.971744',1,686,0.00,'unpaid'),(1775,10000.00,0,'2024-10-29 14:24:46.972674','2024-10-29 14:24:46.972674',1,687,0.00,'unpaid'),(1776,10000.00,0,'2024-10-29 14:24:46.974644','2024-10-29 14:24:46.974644',1,688,0.00,'unpaid'),(1777,10000.00,0,'2024-10-29 14:24:46.976660','2024-10-29 14:24:46.976660',1,689,0.00,'unpaid'),(1778,10000.00,0,'2024-10-29 14:24:46.977642','2024-10-29 14:24:46.977642',1,690,0.00,'unpaid'),(1779,10000.00,0,'2024-10-29 14:24:46.979660','2024-10-29 14:24:46.979660',1,691,0.00,'unpaid'),(1780,10000.00,0,'2024-10-29 14:24:46.980660','2024-10-29 14:24:46.980660',1,692,0.00,'unpaid'),(1781,10000.00,0,'2024-10-29 14:24:46.982644','2024-10-29 14:24:46.982644',1,693,0.00,'unpaid'),(1782,10000.00,0,'2024-10-29 14:24:46.983314','2024-10-29 14:24:46.984321',1,694,0.00,'unpaid'),(1783,10000.00,0,'2024-10-29 14:24:46.985501','2024-10-29 14:24:46.985501',1,695,0.00,'unpaid'),(1784,10000.00,0,'2024-10-29 14:24:46.986486','2024-10-29 14:24:46.986486',1,696,0.00,'unpaid'),(1785,10000.00,0,'2024-10-29 14:24:46.989487','2024-10-29 14:24:46.989487',1,697,0.00,'unpaid'),(1786,10000.00,0,'2024-10-29 14:24:46.990855','2024-10-29 14:24:46.990855',1,698,0.00,'unpaid'),(1787,10000.00,0,'2024-10-29 14:24:46.992865','2024-10-29 14:24:46.992865',1,699,0.00,'unpaid'),(1788,10000.00,0,'2024-10-29 14:24:46.993865','2024-10-29 14:24:46.993865',1,700,0.00,'unpaid'),(1789,10000.00,0,'2024-10-29 14:24:46.995865','2024-10-29 14:24:46.995865',1,701,0.00,'unpaid'),(1790,10000.00,0,'2024-10-29 14:24:46.996865','2024-10-29 14:24:46.996865',1,702,0.00,'unpaid'),(1791,10000.00,0,'2024-10-29 14:24:46.998865','2024-10-29 14:24:46.998865',1,703,0.00,'unpaid'),(1792,10000.00,0,'2024-10-29 14:24:47.000164','2024-10-29 14:24:47.000164',1,704,0.00,'unpaid'),(1793,10000.00,0,'2024-10-29 14:24:47.000894','2024-10-29 14:24:47.000894',1,705,0.00,'unpaid'),(1794,10000.00,0,'2024-10-29 14:24:47.002896','2024-10-29 14:24:47.002896',1,706,0.00,'unpaid'),(1795,10000.00,0,'2024-10-29 14:24:47.004897','2024-10-29 14:24:47.004897',1,707,0.00,'unpaid'),(1796,10000.00,0,'2024-10-29 14:24:47.006911','2024-10-29 14:24:47.006911',1,708,0.00,'unpaid'),(1797,10000.00,0,'2024-10-29 14:24:47.008949','2024-10-29 14:24:47.008949',1,709,0.00,'unpaid'),(1798,10000.00,0,'2024-10-29 14:24:47.009949','2024-10-29 14:24:47.009949',1,710,0.00,'unpaid'),(1799,10000.00,0,'2024-10-29 14:24:47.011949','2024-10-29 14:24:47.011949',1,711,0.00,'unpaid'),(1800,10000.00,0,'2024-10-29 14:24:47.012949','2024-10-29 14:24:47.012949',1,712,0.00,'unpaid'),(1801,10000.00,0,'2024-10-29 14:24:47.014950','2024-10-29 14:24:47.014950',1,713,0.00,'unpaid'),(1802,10000.00,0,'2024-10-29 14:24:47.016279','2024-10-29 14:24:47.016279',1,714,0.00,'unpaid'),(1803,10000.00,0,'2024-10-29 14:24:47.017278','2024-10-29 14:24:47.017278',1,715,0.00,'unpaid'),(1804,10000.00,0,'2024-10-29 14:24:47.018408','2024-10-29 14:24:47.018408',1,716,0.00,'unpaid'),(1805,10000.00,0,'2024-10-29 14:24:47.019691','2024-10-29 14:24:47.019691',1,717,0.00,'unpaid'),(1806,10000.00,0,'2024-10-29 14:24:47.022701','2024-10-29 14:24:47.022701',1,718,0.00,'unpaid'),(1807,10000.00,0,'2024-10-29 14:24:47.025290','2024-10-29 14:24:47.025290',1,719,0.00,'unpaid'),(1808,10000.00,0,'2024-10-29 14:24:47.027318','2024-10-29 14:24:47.027318',1,720,0.00,'unpaid'),(1809,10000.00,0,'2024-10-29 14:24:47.028318','2024-10-29 14:24:47.028318',1,721,0.00,'unpaid'),(1810,10000.00,0,'2024-10-29 14:24:47.029317','2024-10-29 14:24:47.029317',1,722,0.00,'unpaid'),(1811,10000.00,0,'2024-10-29 14:24:47.031879','2024-10-29 14:24:47.031879',1,723,0.00,'unpaid'),(1812,10000.00,0,'2024-10-29 14:24:47.032879','2024-10-29 14:24:47.032879',1,724,0.00,'unpaid'),(1813,10000.00,0,'2024-10-29 14:24:47.033879','2024-10-29 14:24:47.033879',1,725,0.00,'unpaid'),(1814,10000.00,0,'2024-10-29 14:24:47.035878','2024-10-29 14:24:47.035878',1,726,0.00,'unpaid'),(1815,10000.00,0,'2024-10-29 14:24:47.037380','2024-10-29 14:24:47.037380',1,727,0.00,'unpaid'),(1816,10000.00,0,'2024-10-29 14:24:47.039649','2024-10-29 14:24:47.039649',1,728,0.00,'unpaid'),(1817,10000.00,0,'2024-10-29 14:24:47.041457','2024-10-29 14:24:47.041457',1,729,0.00,'unpaid'),(1818,10000.00,0,'2024-10-29 14:24:47.042456','2024-10-29 14:24:47.042456',1,730,0.00,'unpaid'),(1819,10000.00,0,'2024-10-29 14:24:47.044456','2024-10-29 14:24:47.044456',1,731,0.00,'unpaid'),(1820,10000.00,0,'2024-10-29 14:24:47.045456','2024-10-29 14:24:47.045456',1,732,0.00,'unpaid'),(1821,10000.00,0,'2024-10-29 14:24:47.046702','2024-10-29 14:24:47.046702',1,733,0.00,'unpaid'),(1822,10000.00,0,'2024-10-29 14:24:47.048752','2024-10-29 14:24:47.048752',1,734,0.00,'unpaid'),(1823,10000.00,0,'2024-10-29 14:24:47.049751','2024-10-29 14:24:47.049751',1,735,0.00,'unpaid'),(1824,10000.00,0,'2024-10-29 14:24:47.050751','2024-10-29 14:24:47.050751',1,736,0.00,'unpaid'),(1825,10000.00,0,'2024-10-29 14:24:47.052751','2024-10-29 14:24:47.052751',1,737,0.00,'unpaid'),(1826,10000.00,0,'2024-10-29 14:24:47.053751','2024-10-29 14:24:47.053751',1,738,0.00,'unpaid'),(1827,10000.00,0,'2024-10-29 14:24:47.055754','2024-10-29 14:24:47.055754',1,739,0.00,'unpaid'),(1828,10000.00,0,'2024-10-29 14:24:47.057923','2024-10-29 14:24:47.057923',1,740,0.00,'unpaid'),(1829,10000.00,0,'2024-10-29 14:24:47.058286','2024-10-29 14:24:47.058286',1,741,0.00,'unpaid'),(1830,10000.00,0,'2024-10-29 14:24:47.060387','2024-10-29 14:24:47.060387',1,742,0.00,'unpaid'),(1831,10000.00,0,'2024-10-29 14:24:47.061387','2024-10-29 14:24:47.061387',1,743,0.00,'unpaid'),(1832,10000.00,0,'2024-10-29 14:24:47.063455','2024-10-29 14:24:47.063455',1,744,0.00,'unpaid'),(1833,10000.00,0,'2024-10-29 14:24:47.065471','2024-10-29 14:24:47.065471',1,745,0.00,'unpaid'),(1834,10000.00,0,'2024-10-29 14:24:47.066465','2024-10-29 14:24:47.066465',1,746,0.00,'unpaid'),(1835,10000.00,0,'2024-10-29 14:24:47.068504','2024-10-29 14:24:47.068504',1,747,0.00,'unpaid'),(1836,10000.00,0,'2024-10-29 14:24:47.069509','2024-10-29 14:24:47.069509',1,748,0.00,'unpaid'),(1837,10000.00,0,'2024-10-29 14:24:47.071469','2024-10-29 14:24:47.071469',1,749,0.00,'unpaid'),(1838,10000.00,0,'2024-10-29 14:24:47.073463','2024-10-29 14:24:47.073463',1,750,0.00,'unpaid'),(1839,10000.00,0,'2024-10-29 14:24:47.075749','2024-10-29 14:24:47.075749',1,751,0.00,'unpaid'),(1840,10000.00,0,'2024-10-29 14:24:47.076991','2024-10-29 14:24:47.076991',1,752,0.00,'unpaid'),(1841,10000.00,0,'2024-10-29 14:24:47.077995','2024-10-29 14:24:47.077995',1,753,0.00,'unpaid'),(1842,10000.00,0,'2024-10-29 14:24:47.078980','2024-10-29 14:24:47.078980',1,754,0.00,'unpaid'),(1843,10000.00,0,'2024-10-29 14:24:47.080993','2024-10-29 14:24:47.080993',1,755,0.00,'unpaid'),(1844,10000.00,0,'2024-10-29 14:24:47.081980','2024-10-29 14:24:47.081980',1,756,0.00,'unpaid'),(1845,10000.00,0,'2024-10-29 14:24:47.082979','2024-10-29 14:24:47.082979',1,757,0.00,'unpaid'),(1846,10000.00,0,'2024-10-29 14:24:47.084978','2024-10-29 14:24:47.084978',1,758,0.00,'unpaid'),(1847,10000.00,0,'2024-10-29 14:24:47.085979','2024-10-29 14:24:47.085979',1,759,0.00,'unpaid'),(1848,10000.00,0,'2024-10-29 14:24:47.086979','2024-10-29 14:24:47.086979',1,760,0.00,'unpaid'),(1849,10000.00,0,'2024-10-29 14:24:47.088979','2024-10-29 14:24:47.088979',1,761,0.00,'unpaid'),(1850,10000.00,0,'2024-10-29 14:24:47.090979','2024-10-29 14:24:47.090979',1,762,0.00,'unpaid'),(1851,10000.00,0,'2024-10-29 14:24:47.091979','2024-10-29 14:24:47.091979',1,763,0.00,'unpaid'),(1852,10000.00,0,'2024-10-29 14:24:47.092979','2024-10-29 14:24:47.092979',1,764,0.00,'unpaid'),(1853,10000.00,0,'2024-10-29 14:24:47.094231','2024-10-29 14:24:47.094231',1,765,0.00,'unpaid'),(1854,10000.00,0,'2024-10-29 14:24:47.095640','2024-10-29 14:24:47.095640',1,766,0.00,'unpaid'),(1855,10000.00,0,'2024-10-29 14:24:47.097711','2024-10-29 14:24:47.097711',1,767,0.00,'unpaid'),(1856,10000.00,0,'2024-10-29 14:24:47.098711','2024-10-29 14:24:47.098711',1,768,0.00,'unpaid'),(1857,10000.00,0,'2024-10-29 14:24:47.100711','2024-10-29 14:24:47.100711',1,769,0.00,'unpaid'),(1858,10000.00,0,'2024-10-29 14:24:47.101711','2024-10-29 14:24:47.101711',1,770,0.00,'unpaid'),(1859,10000.00,0,'2024-10-29 14:24:47.102711','2024-10-29 14:24:47.102711',1,771,0.00,'unpaid'),(1860,10000.00,0,'2024-10-29 14:24:47.105712','2024-10-29 14:24:47.105712',1,772,0.00,'unpaid'),(1861,10000.00,0,'2024-10-29 14:24:47.106712','2024-10-29 14:24:47.106712',1,773,0.00,'unpaid'),(1862,10000.00,0,'2024-10-29 14:24:47.108712','2024-10-29 14:24:47.108712',1,774,0.00,'unpaid'),(1863,10000.00,0,'2024-10-29 14:24:47.109711','2024-10-29 14:24:47.109711',1,775,0.00,'unpaid'),(1864,10000.00,0,'2024-10-29 14:24:47.111711','2024-10-29 14:24:47.111711',1,776,0.00,'unpaid'),(1865,10000.00,0,'2024-10-29 14:24:47.112711','2024-10-29 14:24:47.112711',1,777,0.00,'unpaid'),(1866,10000.00,0,'2024-10-29 14:24:47.113531','2024-10-29 14:24:47.113531',1,778,0.00,'unpaid'),(1867,10000.00,0,'2024-10-29 14:24:47.115536','2024-10-29 14:24:47.115536',1,779,0.00,'unpaid'),(1868,10000.00,0,'2024-10-29 14:24:47.116536','2024-10-29 14:24:47.116536',1,780,0.00,'unpaid'),(1869,10000.00,0,'2024-10-29 14:24:47.118535','2024-10-29 14:24:47.118535',1,781,0.00,'unpaid'),(1870,10000.00,0,'2024-10-29 14:24:47.119536','2024-10-29 14:24:47.119536',1,782,0.00,'unpaid'),(1871,10000.00,0,'2024-10-29 14:24:47.121603','2024-10-29 14:24:47.121603',1,783,0.00,'unpaid'),(1872,10000.00,0,'2024-10-29 14:24:47.123601','2024-10-29 14:24:47.123601',1,784,0.00,'unpaid'),(1873,10000.00,0,'2024-10-29 14:24:47.124601','2024-10-29 14:24:47.124601',1,785,0.00,'unpaid'),(1874,10000.00,0,'2024-10-29 14:24:47.126601','2024-10-29 14:24:47.126601',1,786,0.00,'unpaid'),(1875,10000.00,0,'2024-10-29 14:24:47.127601','2024-10-29 14:24:47.127601',1,787,0.00,'unpaid'),(1876,10000.00,0,'2024-10-29 14:24:47.128600','2024-10-29 14:24:47.128600',1,788,0.00,'unpaid'),(1877,10000.00,0,'2024-10-29 14:24:47.129827','2024-10-29 14:24:47.129827',1,789,0.00,'unpaid'),(1878,10000.00,0,'2024-10-29 14:24:47.131994','2024-10-29 14:24:47.131994',1,790,0.00,'unpaid'),(1879,10000.00,0,'2024-10-29 14:24:47.132993','2024-10-29 14:24:47.132993',1,791,0.00,'unpaid'),(1880,10000.00,0,'2024-10-29 14:24:47.133993','2024-10-29 14:24:47.133993',1,792,0.00,'unpaid'),(1881,10000.00,0,'2024-10-29 14:24:47.135993','2024-10-29 14:24:47.135993',1,793,0.00,'unpaid'),(1882,10000.00,0,'2024-10-29 14:24:47.138410','2024-10-29 14:24:47.138410',1,794,0.00,'unpaid'),(1883,10000.00,0,'2024-10-29 14:24:47.140407','2024-10-29 14:24:47.140407',1,795,0.00,'unpaid'),(1884,10000.00,0,'2024-10-29 14:24:47.141408','2024-10-29 14:24:47.141408',1,796,0.00,'unpaid'),(1885,10000.00,0,'2024-10-29 14:24:47.143407','2024-10-29 14:24:47.143407',1,797,0.00,'unpaid'),(1886,10000.00,0,'2024-10-29 14:24:47.144407','2024-10-29 14:24:47.144407',1,798,0.00,'unpaid'),(1887,10000.00,0,'2024-10-29 14:24:47.145407','2024-10-29 14:24:47.145407',1,799,0.00,'unpaid'),(1888,10000.00,0,'2024-10-29 14:24:47.147406','2024-10-29 14:24:47.147406',1,800,0.00,'unpaid'),(1889,10000.00,0,'2024-10-29 14:24:47.147937','2024-10-29 14:24:47.147937',1,801,0.00,'unpaid'),(1890,10000.00,0,'2024-10-29 14:24:47.149960','2024-10-29 14:24:47.149960',1,802,0.00,'unpaid'),(1891,10000.00,0,'2024-10-29 14:24:47.150942','2024-10-29 14:24:47.150942',1,803,0.00,'unpaid'),(1892,10000.00,0,'2024-10-29 14:24:47.151942','2024-10-29 14:24:47.151942',1,804,0.00,'unpaid'),(1893,10000.00,0,'2024-10-29 14:24:47.153747','2024-10-29 14:24:47.153747',1,805,0.00,'unpaid'),(1894,10000.00,0,'2024-10-29 14:24:47.153747','2024-10-29 14:24:47.153747',1,806,0.00,'unpaid'),(1895,10000.00,0,'2024-10-29 14:24:47.153747','2024-10-29 14:24:47.153747',1,807,0.00,'unpaid'),(1896,10000.00,0,'2024-10-29 14:24:47.153747','2024-10-29 14:24:47.153747',1,808,0.00,'unpaid'),(1897,10000.00,0,'2024-10-29 14:24:47.153747','2024-10-29 14:24:47.153747',1,809,0.00,'unpaid'),(1898,10000.00,0,'2024-10-29 14:24:47.153747','2024-10-29 14:24:47.153747',1,810,0.00,'unpaid'),(1899,10000.00,0,'2024-10-29 14:24:47.153747','2024-10-29 14:24:47.153747',1,811,0.00,'unpaid'),(1900,10000.00,0,'2024-10-29 14:24:47.153747','2024-10-29 14:24:47.153747',1,812,0.00,'unpaid'),(1901,10000.00,0,'2024-10-29 14:24:47.153747','2024-10-29 14:24:47.153747',1,813,0.00,'unpaid'),(1902,10000.00,0,'2024-10-29 14:24:47.153747','2024-10-29 14:24:47.153747',1,814,0.00,'unpaid'),(1903,10000.00,0,'2024-10-29 14:24:47.168753','2024-10-29 14:24:47.168753',1,815,0.00,'unpaid'),(1904,10000.00,0,'2024-10-29 14:24:47.170480','2024-10-29 14:24:47.170480',1,816,0.00,'unpaid'),(1905,10000.00,0,'2024-10-29 14:24:47.171699','2024-10-29 14:24:47.171699',1,817,0.00,'unpaid'),(1906,10000.00,0,'2024-10-29 14:24:47.171699','2024-10-29 14:24:47.171699',1,818,0.00,'unpaid'),(1907,10000.00,0,'2024-10-29 14:24:47.171699','2024-10-29 14:24:47.171699',1,819,0.00,'unpaid'),(1908,10000.00,0,'2024-10-29 14:24:47.171699','2024-10-29 14:24:47.171699',1,820,0.00,'unpaid'),(1909,10000.00,0,'2024-10-29 14:24:47.171699','2024-10-29 14:24:47.171699',1,821,0.00,'unpaid'),(1910,10000.00,0,'2024-10-29 14:24:47.171699','2024-10-29 14:24:47.171699',1,822,0.00,'unpaid'),(1911,10000.00,0,'2024-10-29 14:24:47.171699','2024-10-29 14:24:47.171699',1,823,0.00,'unpaid'),(1912,10000.00,0,'2024-10-29 14:24:47.189192','2024-10-29 14:24:47.189192',1,824,0.00,'unpaid'),(1913,10000.00,0,'2024-10-29 14:24:47.191626','2024-10-29 14:24:47.191626',1,825,0.00,'unpaid'),(1914,10000.00,0,'2024-10-29 14:24:47.193624','2024-10-29 14:24:47.193624',1,826,0.00,'unpaid'),(1915,10000.00,0,'2024-10-29 14:24:47.194624','2024-10-29 14:24:47.194624',1,827,0.00,'unpaid'),(1916,10000.00,0,'2024-10-29 14:24:47.195624','2024-10-29 14:24:47.195624',1,828,0.00,'unpaid'),(1917,10000.00,0,'2024-10-29 14:24:47.197624','2024-10-29 14:24:47.197624',1,829,0.00,'unpaid'),(1918,10000.00,0,'2024-10-29 14:24:47.198624','2024-10-29 14:24:47.198624',1,830,0.00,'unpaid'),(1919,10000.00,0,'2024-10-29 14:24:47.199624','2024-10-29 14:24:47.199624',1,831,0.00,'unpaid'),(1920,10000.00,0,'2024-10-29 14:24:47.201623','2024-10-29 14:24:47.201623',1,832,0.00,'unpaid'),(1921,10000.00,0,'2024-10-29 14:24:47.202624','2024-10-29 14:24:47.202624',1,833,0.00,'unpaid'),(1922,10000.00,0,'2024-10-29 14:24:47.204093','2024-10-29 14:24:47.204093',1,834,0.00,'unpaid'),(1923,10000.00,0,'2024-10-29 14:24:47.207094','2024-10-29 14:24:47.207094',1,835,0.00,'unpaid'),(1924,10000.00,0,'2024-10-29 14:24:47.208830','2024-10-29 14:24:47.208830',1,836,0.00,'unpaid'),(1925,10000.00,0,'2024-10-29 14:24:47.209829','2024-10-29 14:24:47.209829',1,837,0.00,'unpaid'),(1926,10000.00,0,'2024-10-29 14:24:47.210829','2024-10-29 14:24:47.210829',1,838,0.00,'unpaid'),(1927,10000.00,0,'2024-10-29 14:24:47.212829','2024-10-29 14:24:47.212829',1,839,0.00,'unpaid'),(1928,10000.00,0,'2024-10-29 14:24:47.213829','2024-10-29 14:24:47.213829',1,840,0.00,'unpaid'),(1929,10000.00,0,'2024-10-29 14:24:47.215829','2024-10-29 14:24:47.215829',1,841,0.00,'unpaid'),(1930,10000.00,0,'2024-10-29 14:24:47.216829','2024-10-29 14:24:47.216829',1,842,0.00,'unpaid'),(1931,10000.00,0,'2024-10-29 14:24:47.217829','2024-10-29 14:24:47.217829',1,843,0.00,'unpaid'),(1932,10000.00,0,'2024-10-29 14:24:47.219829','2024-10-29 14:24:47.219829',1,844,0.00,'unpaid'),(1933,10000.00,0,'2024-10-29 14:24:47.220374','2024-10-29 14:24:47.220374',1,845,0.00,'unpaid'),(1934,10000.00,0,'2024-10-29 14:24:47.220374','2024-10-29 14:24:47.220374',1,846,0.00,'unpaid'),(1935,10000.00,0,'2024-10-29 14:24:47.220374','2024-10-29 14:24:47.220374',1,847,0.00,'unpaid'),(1936,10000.00,0,'2024-10-29 14:24:47.220374','2024-10-29 14:24:47.220374',1,848,0.00,'unpaid'),(1937,10000.00,0,'2024-10-29 14:24:47.220374','2024-10-29 14:24:47.220374',1,849,0.00,'unpaid'),(1938,10000.00,0,'2024-10-29 14:24:47.220374','2024-10-29 14:24:47.220374',1,850,0.00,'unpaid');
/*!40000 ALTER TABLE `event_bill` ENABLE KEYS */;
UNLOCK TABLES;

--
-- Table structure for table `event_collection`
--

DROP TABLE IF EXISTS `event_collection`;
/*!40101 SET @saved_cs_client     = @@character_set_client */;
/*!50503 SET character_set_client = utf8mb4 */;
CREATE TABLE `event_collection` (
  `id` bigint(20) NOT NULL AUTO_INCREMENT,
  `paid_amount` decimal(10,2) NOT NULL,
  `created` datetime(6) NOT NULL,
  `updated` datetime(6) NOT NULL,
  `event_bill_id` bigint(20) NOT NULL,
  `method` varchar(10) NOT NULL,
  PRIMARY KEY (`id`),
  KEY `event_collection_event_bill_id_e0ea276e_fk_event_bill_id` (`event_bill_id`),
  CONSTRAINT `event_collection_event_bill_id_e0ea276e_fk_event_bill_id` FOREIGN KEY (`event_bill_id`) REFERENCES `event_bill` (`id`)
) ENGINE=InnoDB AUTO_INCREMENT=2 DEFAULT CHARSET=latin1;
/*!40101 SET character_set_client = @saved_cs_client */;

--
-- Dumping data for table `event_collection`
--

LOCK TABLES `event_collection` WRITE;
/*!40000 ALTER TABLE `event_collection` DISABLE KEYS */;
INSERT INTO `event_collection` VALUES (1,100.00,'2024-10-29 14:40:21.221534','2024-10-29 14:40:21.221534',1755,'Cash');
/*!40000 ALTER TABLE `event_collection` ENABLE KEYS */;
UNLOCK TABLES;

--
-- Table structure for table `event_committee`
--

DROP TABLE IF EXISTS `event_committee`;
/*!40101 SET @saved_cs_client     = @@character_set_client */;
/*!50503 SET character_set_client = utf8mb4 */;
CREATE TABLE `event_committee` (
  `id` bigint(20) NOT NULL AUTO_INCREMENT,
  `created` datetime(6) NOT NULL,
  `updated` datetime(6) NOT NULL,
  `event_id` bigint(20) NOT NULL,
  `position_id` bigint(20) NOT NULL,
  `student_id` bigint(20) NOT NULL,
  PRIMARY KEY (`id`),
  UNIQUE KEY `event_committee_event_id_position_id_student_id_26bb887c_uniq` (`event_id`,`position_id`,`student_id`),
  UNIQUE KEY `event_committee_event_id_student_id_3d451691_uniq` (`event_id`,`student_id`),
  KEY `event_committee_position_id_8db27b52_fk_position_id` (`position_id`),
  KEY `event_committee_student_id_8afbf978_fk_student_id` (`student_id`),
  CONSTRAINT `event_committee_event_id_85d7126f_fk_event_id` FOREIGN KEY (`event_id`) REFERENCES `event` (`id`),
  CONSTRAINT `event_committee_position_id_8db27b52_fk_position_id` FOREIGN KEY (`position_id`) REFERENCES `position` (`id`),
  CONSTRAINT `event_committee_student_id_8afbf978_fk_student_id` FOREIGN KEY (`student_id`) REFERENCES `student` (`id`)
) ENGINE=InnoDB AUTO_INCREMENT=2 DEFAULT CHARSET=latin1;
/*!40101 SET character_set_client = @saved_cs_client */;

--
-- Dumping data for table `event_committee`
--

LOCK TABLES `event_committee` WRITE;
/*!40000 ALTER TABLE `event_committee` DISABLE KEYS */;
INSERT INTO `event_committee` VALUES (1,'2024-10-29 14:12:24.015379','2024-10-29 14:12:24.015379',1,2,609);
/*!40000 ALTER TABLE `event_committee` ENABLE KEYS */;
UNLOCK TABLES;

--
-- Table structure for table `level`
--

DROP TABLE IF EXISTS `level`;
/*!40101 SET @saved_cs_client     = @@character_set_client */;
/*!50503 SET character_set_client = utf8mb4 */;
CREATE TABLE `level` (
  `id` bigint(20) NOT NULL AUTO_INCREMENT,
  `name` varchar(100) NOT NULL,
  `created` datetime(6) NOT NULL,
  `updated` datetime(6) NOT NULL,
  PRIMARY KEY (`id`),
  UNIQUE KEY `name` (`name`)
) ENGINE=InnoDB AUTO_INCREMENT=6 DEFAULT CHARSET=latin1;
/*!40101 SET character_set_client = @saved_cs_client */;

--
-- Dumping data for table `level`
--

LOCK TABLES `level` WRITE;
/*!40000 ALTER TABLE `level` DISABLE KEYS */;
INSERT INTO `level` VALUES (1,'bachelor','2024-10-22 12:55:43.512131','2024-10-22 12:55:43.512131'),(2,'masters','2024-10-22 12:55:53.628343','2024-10-22 12:55:53.628343'),(3,'phd','2024-10-22 12:56:01.059010','2024-10-22 12:56:01.060127'),(4,'certificate','2024-10-22 12:56:09.218394','2024-10-22 12:56:09.218394'),(5,'diploma','2024-10-22 12:56:19.430389','2024-10-22 12:56:19.430389');
/*!40000 ALTER TABLE `level` ENABLE KEYS */;
UNLOCK TABLES;

--
-- Table structure for table `position`
--

DROP TABLE IF EXISTS `position`;
/*!40101 SET @saved_cs_client     = @@character_set_client */;
/*!50503 SET character_set_client = utf8mb4 */;
CREATE TABLE `position` (
  `id` bigint(20) NOT NULL AUTO_INCREMENT,
  `name` varchar(50) NOT NULL,
  `created` datetime(6) NOT NULL,
  `updated` datetime(6) NOT NULL,
  PRIMARY KEY (`id`),
  UNIQUE KEY `name` (`name`)
) ENGINE=InnoDB AUTO_INCREMENT=7 DEFAULT CHARSET=latin1;
/*!40101 SET character_set_client = @saved_cs_client */;

--
-- Dumping data for table `position`
--

LOCK TABLES `position` WRITE;
/*!40000 ALTER TABLE `position` DISABLE KEYS */;
INSERT INTO `position` VALUES (1,'CHAIR PERSON','2024-10-29 14:05:56.036509','2024-10-29 14:05:56.036509'),(2,'ACCOUNTANT','2024-10-29 14:06:04.606903','2024-10-29 14:06:04.606903'),(3,'VICE CHAIR PERSON','2024-10-29 14:06:15.253124','2024-10-29 14:06:15.253124'),(4,'SECRETARY','2024-10-29 14:06:25.800864','2024-10-29 14:06:25.800864'),(5,'VICE SECRETARY','2024-10-29 14:06:47.386374','2024-10-29 14:06:47.386374'),(6,'COMMITTEE MEMBER','2024-10-29 14:07:12.788949','2024-10-29 14:07:12.788949');
/*!40000 ALTER TABLE `position` ENABLE KEYS */;
UNLOCK TABLES;

--
-- Table structure for table `programme`
--

DROP TABLE IF EXISTS `programme`;
/*!40101 SET @saved_cs_client     = @@character_set_client */;
/*!50503 SET character_set_client = utf8mb4 */;
CREATE TABLE `programme` (
  `id` bigint(20) NOT NULL AUTO_INCREMENT,
  `name` varchar(150) NOT NULL,
  `abb` varchar(20) NOT NULL,
  `created` datetime(6) NOT NULL,
  `updated` datetime(6) NOT NULL,
  `department_id` bigint(20) NOT NULL,
  `level_id` bigint(20) NOT NULL,
  `duration` int(10) unsigned NOT NULL,
  PRIMARY KEY (`id`),
  UNIQUE KEY `name` (`name`),
  UNIQUE KEY `programme_name_abb_f78d3b76_uniq` (`name`,`abb`),
  UNIQUE KEY `programme_name_abb_department_id_6294fe03_uniq` (`name`,`abb`,`department_id`),
  UNIQUE KEY `programme_duration_name_abb_faae1d3b_uniq` (`duration`,`name`,`abb`),
  KEY `programme_department_id_62955943_fk_department_id` (`department_id`),
  KEY `programme_level_id_1507ebc9_fk_Level_id` (`level_id`),
  CONSTRAINT `programme_department_id_62955943_fk_department_id` FOREIGN KEY (`department_id`) REFERENCES `department` (`id`),
  CONSTRAINT `programme_level_id_1507ebc9_fk_Level_id` FOREIGN KEY (`level_id`) REFERENCES `level` (`id`)
) ENGINE=InnoDB AUTO_INCREMENT=60 DEFAULT CHARSET=latin1;
/*!40101 SET character_set_client = @saved_cs_client */;

--
-- Dumping data for table `programme`
--

LOCK TABLES `programme` WRITE;
/*!40000 ALTER TABLE `programme` DISABLE KEYS */;
INSERT INTO `programme` VALUES (1,'BACHELOR OF SCIENCE IN INFORMATION TECHNOLOGY AND SYSTEMS','BSC. ITS','2024-10-27 16:33:00.000000','2024-10-27 16:33:00.000000',1,1,3),(2,'BACHELOR OF SCIENCE IN INFORMATION COMMUNICATION TECHNOLOGY WITH MANAGEMENT','BSC ICT-M','2024-10-27 16:33:00.000000','2024-10-27 16:33:00.000000',1,1,3),(3,'BACHELOR OF SCIENCE IN INFORMATION COMMUNICATION TECHNOLOGY WITH BUSINESS','BSC ICT-B','2024-10-27 16:33:00.000000','2024-10-27 16:33:00.000000',1,1,3),(4,'BACHELOR OF SCIENCE IN LIBRARY AND INFORMATION MANAGEMENT','BSC LIM','2024-10-27 16:33:00.000000','2024-10-27 16:33:00.000000',1,1,3),(5,'DIPLOMA IN INFORMATION TECHNOLOGY','DIT','2024-10-27 16:33:00.000000','2024-10-27 16:33:00.000000',1,5,2),(6,'MASTER OF SCIENCE IN INFORMATION TECHNOLOGY','MSC. IT','2024-10-27 16:33:00.000000','2024-10-27 16:33:00.000000',1,2,2),(7,'MASTER OF SCIENCE IN APPLIED STATISTICS','MSC. AS','2024-10-27 16:33:00.000000','2024-10-27 16:33:00.000000',3,2,2),(8,'BACHELOR OF SCIENCE IN APPLIED STATITICS','BSC. AS','2024-10-27 16:33:00.000000','2024-10-27 16:33:00.000000',3,1,3),(9,'BACHELOR OF SCIENCE WITH EDUCATION (MATHEMATICS AND ICT)','BSC. MICT-EDU','2024-10-27 16:33:00.000000','2024-10-27 16:33:00.000000',3,1,3),(10,'DIPLOMA IN APPLIED STATISTICS','DAS','2024-10-27 16:33:00.000000','2024-10-27 16:33:00.000000',3,5,2),(11,'CERTIFICATE IN APPLIED STATISTICS','CAS','2024-10-27 16:33:00.000000','2024-10-27 16:33:00.000000',3,4,1),(12,'BACHELOR OF SCIENCE IN PRODUCTION AND OPERATIONS MANAGEMENT','BSC POM','2024-10-27 16:33:00.000000','2024-10-27 16:33:00.000000',2,1,3),(13,'BACHELOR INDUSTRIAL ENGINEERING MANAGEMENT','BSC. IEM','2024-10-27 16:33:00.000000','2024-10-27 16:33:00.000000',2,1,3),(14,'BACHELOR OF PUBLIC ADMINISTRATION','BPA','2024-10-27 16:33:00.000000','2024-10-27 16:33:00.000000',19,1,3),(15,'BACHELOR OF PUBLIC ADMINISTRATION IN RECORDS AND ARCHIVES MANAGEMENT','BPA-RAM','2024-10-27 16:33:00.000000','2024-10-27 16:33:00.000000',19,1,3),(16,'BACHELOR OF HUMAN RESOURCE MANAGEMENT','BHRM','2024-10-27 16:33:00.000000','2024-10-27 16:33:00.000000',19,1,3),(17,'BACHELOR OF PUBLIC ADMINISTRATION IN YOUTH LEADERSHIP AND DEVELOPMENT','BPA-YDL','2024-10-27 16:33:00.000000','2024-10-27 16:33:00.000000',19,1,3),(18,'MASTER OF PUBLIC ADMINISTRATION IN LOCAL GOVERNMENT MANAGEMENT','MPALGM','2024-10-27 16:33:00.000000','2024-10-27 16:33:00.000000',20,2,2),(19,'BACHELOR OF PUBLIC ADMINISTRATION IN LOCAL GOVERNMENT MANAGEMENT','BPA LGM','2024-10-27 16:33:00.000000','2024-10-27 16:33:00.000000',20,1,3),(20,'DIPLOMA IN LOCAL GOVERNMENT MANAGEMENT','DLGM','2024-10-27 16:33:00.000000','2024-10-27 16:33:00.000000',20,5,2),(21,'CERTIFICATE IN LOCAL GOVERNMENT MANAGEMENT','CLGM','2024-10-27 16:33:00.000000','2024-10-27 16:33:00.000000',20,4,1),(22,'BACHELOR OF HEALTH SYSTEMS MANAGEMENT','BHSM','2024-10-27 16:33:00.000000','2024-10-27 16:33:00.000000',21,1,3),(23,'MASTER OF SCIENCE IN HEALTH MONITORING AND EVALUATION','MSC HME','2024-10-27 16:33:00.000000','2024-10-27 16:33:00.000000',21,2,2),(24,'MASTER OF HEALTH SYSTEMS MANAGEMENT','MHSM','2024-10-27 16:33:00.000000','2024-10-27 16:33:00.000000',21,2,2),(25,'BACHELOR OF PUBLIC ADMINISTRATION (LOCAL GOVERNMENT MANAGEMENT)','BPA-LGM','2024-10-27 16:33:00.000000','2024-10-27 16:33:00.000000',20,1,3),(26,'BACHELOR OF PUBLIC ADMINISTRATION (RECORDS AND ARCHIVE MANAGEMENT)','BPA-RAM','2024-10-27 16:33:00.000000','2024-10-27 16:33:00.000000',20,1,3),(27,'CERTIFICATE OF BUSINESS MANAGEMENT','CBM','2024-10-27 16:33:00.000000','2024-10-27 16:33:00.000000',25,4,1),(28,'BACHELOR OF BUSINESS ADMINISTRATION ? MARKETING MANAGEMENT','BBA-MM','2024-10-27 16:33:00.000000','2024-10-27 16:33:00.000000',25,1,3),(29,'BACHELOR OF BUSINESS ADMINISTRATION - ENTREPRENEURSHIP AND INNOVATIONS MANAGEMENT','BBA-EIM','2024-10-27 16:33:00.000000','2024-10-27 16:33:00.000000',25,1,3),(30,'MASTER OF BUSINESS ADMINISTRATION ? CORPORATE MANAGEMENT','MPA','2024-10-27 16:33:00.000000','2024-10-27 16:33:00.000000',25,2,2),(31,'MASTER OF SCIENCE IN MARKETING MANAGEMENT','MSC MM','2024-10-27 16:33:00.000000','2024-10-27 16:33:00.000000',25,2,2),(32,'MASTER OF SCIENCE IN ENTREPRENEURSHIP AND INNOVATIONS MANAGEMENT','MSC EIM','2024-10-27 16:33:00.000000','2024-10-27 16:33:00.000000',25,2,2),(33,'DOCTOR OF PHILOSOPHY (PHD)','PHD','2024-10-27 16:33:00.000000','2024-10-27 16:33:00.000000',25,3,3),(34,'CERTIFICATE IN LOGISTICS MANAGEMENT','CLM','2024-10-27 16:33:00.000000','2024-10-27 16:33:00.000000',24,4,1),(35,'BACHELOR OF PROCUREMENT AND SUPPLY CHAIN MANAGEMENT','BPSCM','2024-10-27 16:33:00.000000','2024-10-27 16:33:00.000000',24,1,3),(36,'MSC PROCUREMENT & SUPPLY CHAIN MANAGEMENT','MSC-PSCM','2024-10-27 16:33:00.000000','2024-10-27 16:33:00.000000',24,2,2),(37,'BACHELOR OF ACCOUNTING AND FINANCE-BUSINESS SECTOR','BAF-BS','2024-10-27 16:33:00.000000','2024-10-27 16:33:00.000000',23,1,3),(38,'BACHELOR OF ACCOUNTING AND FINANCE-PUBLIC SECTOR','BAF-PS','2024-10-27 16:33:00.000000','2024-10-27 16:33:00.000000',23,1,3),(39,'MSC IN ACCOUNTING AND FINANCE','MSC AF','2024-10-27 16:33:00.000000','2024-10-27 16:33:00.000000',23,2,2),(40,'BACHELOR OF SCIENCE (BSC) DEGREE IN ECONOMICS','BSC E','2024-10-27 16:33:00.000000','2024-10-27 16:33:00.000000',26,1,3),(41,'CERTIFICATE IN LAW','CL','2024-10-27 16:33:00.000000','2024-10-27 16:33:00.000000',18,4,1),(42,'BACHELOR OF LAW','LL.B','2024-10-27 16:33:00.000000','2024-10-27 16:33:00.000000',18,1,3),(43,'CERTIFICATE IN INFORMATION TECHNOLOGY','(CIT)','2024-10-27 16:33:00.000000','2024-10-27 16:33:00.000000',1,4,1),(44,'CERTIFICATE IN LIBRARY AND INFORMATION MANAGEMENT','(CLIM)','2024-10-27 16:33:00.000000','2024-10-27 16:33:00.000000',1,4,1),(45,'CERTIFICATE IN ACCOUNTANCY','(CA)','2024-10-27 16:33:00.000000','2024-10-27 16:33:00.000000',23,4,1),(46,'CERTIFICATE IN HUMAN RESOURCES MANAGEMENT','CHRM','2024-10-27 16:33:00.000000','2024-10-27 16:33:00.000000',20,4,1),(47,'DIPLOMA IN ACCOUNTANCY','(DA)','2024-10-27 16:33:00.000000','2024-10-27 16:33:00.000000',23,5,2),(48,'DIPLOMA IN BUSINESS ADMINISTRATION','(DBA)','2024-10-27 16:33:00.000000','2024-10-27 16:33:00.000000',26,5,2),(49,'DIPLOMA IN HUMAN RESOURCE MANAGEMENT','(DHRM)','2024-10-27 16:33:00.000000','2024-10-27 16:33:00.000000',20,5,2),(50,'DIPLOMA IN LAW','(DL)','2024-10-27 16:33:00.000000','2024-10-27 16:33:00.000000',18,5,2),(51,'BACHELOR OF ARTS WITH EDUCATION (ECONOMICS AND MATHEMATICS)','BAED-EM','2024-10-27 16:33:00.000000','2024-10-27 16:33:00.000000',16,1,3),(52,'BACHELOR OF ARTS WITH EDUCATION (ECONOMICS AND COMMERCE)','BAED-EC','2024-10-27 16:33:00.000000','2024-10-27 16:33:00.000000',16,1,3),(53,'BACHELOR OF ARTS WITH EDUCATION (ACCOUNTANCY AND MATHEMATICS)','BAED-AM','2024-10-27 16:33:00.000000','2024-10-27 16:33:00.000000',16,1,3),(54,'BACHELOR OF ARTS WITH EDUCATION (COMMERCE AND ACCOUNTANCY)','BAED-CA','2024-10-27 16:33:00.000000','2024-10-27 16:33:00.000000',16,1,3),(55,'BACHELOR OF ARTS WITH EDUCATION (ENGLISH AND KISWAHILI)','BAED-EK','2024-10-27 16:33:00.000000','2024-10-27 16:33:00.000000',16,1,3),(56,'INSTITUTE OF DEVELOPMENT STUDIES','ADS','2024-10-27 16:33:00.000000','2024-10-27 16:33:00.000000',23,5,2),(57,'BACHELOR OF SCIENCE IN ECONOMICSPROJECT PLANNING AND MANAGEMENT','(BSC.ECO-PPM)','2024-10-27 16:33:00.000000','2024-10-27 16:33:00.000000',15,1,3),(58,'BACHELOR OF SCIENCE IN ECONOMICSPOPULATION AND DEVELOPMENT','(BSC.ECO-P&D)','2024-10-27 16:33:00.000000','2024-10-27 16:33:00.000000',1,1,3),(59,'BACHELOR OF SCIENCE IN ECONOMIC POLICY AND PLANNING','EPP','2024-10-27 16:33:00.000000','2024-10-27 16:33:00.000000',26,1,3);
/*!40000 ALTER TABLE `programme` ENABLE KEYS */;
UNLOCK TABLES;

--
-- Table structure for table `registration_year`
--

DROP TABLE IF EXISTS `registration_year`;
/*!40101 SET @saved_cs_client     = @@character_set_client */;
/*!50503 SET character_set_client = utf8mb4 */;
CREATE TABLE `registration_year` (
  `id` bigint(20) NOT NULL AUTO_INCREMENT,
  `name` varchar(15) NOT NULL,
  `created` datetime(6) NOT NULL,
  `updated` datetime(6) NOT NULL,
  PRIMARY KEY (`id`),
  UNIQUE KEY `name` (`name`)
) ENGINE=InnoDB AUTO_INCREMENT=7 DEFAULT CHARSET=latin1;
/*!40101 SET character_set_client = @saved_cs_client */;

--
-- Dumping data for table `registration_year`
--

LOCK TABLES `registration_year` WRITE;
/*!40000 ALTER TABLE `registration_year` DISABLE KEYS */;
INSERT INTO `registration_year` VALUES (1,'2024/2025','2024-10-22 16:46:32.000000','2024-10-22 16:11:28.745439'),(2,'2023/2024','2024-10-22 16:46:32.000000','2024-10-22 16:11:17.918967'),(3,'2022/2023','2024-10-22 16:46:32.000000','2024-10-22 16:46:32.000000'),(4,'2021/2022','2024-10-22 16:46:32.000000','2024-10-22 16:46:32.000000'),(5,'2020/2021','2024-10-22 16:46:32.000000','2024-10-22 16:46:32.000000'),(6,'2019/2020','2024-10-22 16:46:32.000000','2024-10-22 16:46:32.000000');
/*!40000 ALTER TABLE `registration_year` ENABLE KEYS */;
UNLOCK TABLES;

--
-- Table structure for table `semester`
--

DROP TABLE IF EXISTS `semester`;
/*!40101 SET @saved_cs_client     = @@character_set_client */;
/*!50503 SET character_set_client = utf8mb4 */;
CREATE TABLE `semester` (
  `id` bigint(20) NOT NULL AUTO_INCREMENT,
  `name` varchar(40) NOT NULL,
  `is_current` tinyint(1) NOT NULL,
  `created` datetime(6) NOT NULL,
  `updated` datetime(6) NOT NULL,
  `year_id` bigint(20) NOT NULL,
  PRIMARY KEY (`id`),
  KEY `semester_year_id_dae16fd3_fk_registration_year_id` (`year_id`),
  CONSTRAINT `semester_year_id_dae16fd3_fk_registration_year_id` FOREIGN KEY (`year_id`) REFERENCES `registration_year` (`id`)
) ENGINE=InnoDB AUTO_INCREMENT=2 DEFAULT CHARSET=latin1;
/*!40101 SET character_set_client = @saved_cs_client */;

--
-- Dumping data for table `semester`
--

LOCK TABLES `semester` WRITE;
/*!40000 ALTER TABLE `semester` DISABLE KEYS */;
INSERT INTO `semester` VALUES (1,'semester 1',1,'2024-10-26 12:45:35.589575','2024-10-26 13:46:33.299282',1);
/*!40000 ALTER TABLE `semester` ENABLE KEYS */;
UNLOCK TABLES;

--
-- Table structure for table `student`
--

DROP TABLE IF EXISTS `student`;
/*!40101 SET @saved_cs_client     = @@character_set_client */;
/*!50503 SET character_set_client = utf8mb4 */;
CREATE TABLE `student` (
  `id` bigint(20) NOT NULL AUTO_INCREMENT,
  `year_of_study` int(10) unsigned NOT NULL,
  `status` varchar(12) NOT NULL,
  `created` datetime(6) NOT NULL,
  `updated` datetime(6) NOT NULL,
  `programme_id` bigint(20) NOT NULL,
  `user_id` bigint(20) NOT NULL,
  PRIMARY KEY (`id`),
  UNIQUE KEY `user_id` (`user_id`),
  UNIQUE KEY `student_programme_id_user_id_ae90c8f2_uniq` (`programme_id`,`user_id`),
  CONSTRAINT `student_programme_id_52997983_fk_programme_id` FOREIGN KEY (`programme_id`) REFERENCES `programme` (`id`),
  CONSTRAINT `student_user_id_dcc2526f_fk_user_id` FOREIGN KEY (`user_id`) REFERENCES `user` (`id`)
) ENGINE=InnoDB AUTO_INCREMENT=851 DEFAULT CHARSET=latin1;
/*!40101 SET character_set_client = @saved_cs_client */;

--
-- Dumping data for table `student`
--

LOCK TABLES `student` WRITE;
/*!40000 ALTER TABLE `student` DISABLE KEYS */;
INSERT INTO `student` VALUES (609,1,'continuing','2024-10-27 13:33:17.372106','2024-10-27 13:33:17.372106',42,4),(610,1,'finalist','2024-10-27 13:33:17.391964','2024-10-27 13:33:17.391964',21,6),(611,1,'finalist','2024-10-27 13:33:17.401732','2024-10-27 13:33:17.401732',21,7),(612,1,'continuing','2024-10-27 13:33:17.418402','2024-10-27 13:33:17.418402',10,8),(613,1,'finalist','2024-10-27 13:33:17.418402','2024-10-27 13:33:17.418402',41,9),(614,1,'finalist','2024-10-27 13:33:17.434775','2024-10-27 13:33:17.434775',41,10),(615,1,'continuing','2024-10-27 13:33:17.434775','2024-10-27 13:33:17.434775',10,11),(616,1,'finalist','2024-10-27 13:33:17.451562','2024-10-27 13:33:17.451562',27,12),(617,1,'finalist','2024-10-27 13:33:17.451562','2024-10-27 13:33:17.451562',41,13),(618,1,'continuing','2024-10-27 13:33:17.468251','2024-10-27 13:33:17.468251',5,14),(619,1,'continuing','2024-10-27 13:33:17.483737','2024-10-27 13:33:17.483737',5,15),(620,1,'finalist','2024-10-27 13:33:17.492073','2024-10-27 13:33:17.492073',41,16),(621,1,'continuing','2024-10-27 13:33:17.501826','2024-10-27 13:33:17.501826',5,17),(622,1,'finalist','2024-10-27 13:33:17.501826','2024-10-27 13:33:17.501826',41,18),(623,1,'continuing','2024-10-27 13:33:17.518625','2024-10-27 13:33:17.518625',5,19),(624,1,'continuing','2024-10-27 13:33:17.533626','2024-10-27 13:33:17.533626',5,20),(625,1,'finalist','2024-10-27 13:33:17.535077','2024-10-27 13:33:17.535077',27,21),(626,1,'finalist','2024-10-27 13:33:17.551603','2024-10-27 13:33:17.551603',11,22),(627,1,'finalist','2024-10-27 13:33:17.551603','2024-10-27 13:33:17.551603',27,23),(628,1,'finalist','2024-10-27 13:33:17.568736','2024-10-27 13:33:17.568736',41,24),(629,1,'finalist','2024-10-27 13:33:17.568736','2024-10-27 13:33:17.568736',21,25),(630,1,'continuing','2024-10-27 13:33:17.585063','2024-10-27 13:33:17.585063',42,26),(631,1,'continuing','2024-10-27 13:33:17.592070','2024-10-27 13:33:17.592070',13,27),(632,1,'continuing','2024-10-27 13:33:17.601818','2024-10-27 13:33:17.601818',42,28),(633,1,'continuing','2024-10-27 13:33:17.601818','2024-10-27 13:33:17.601818',42,29),(634,1,'continuing','2024-10-27 13:33:17.618397','2024-10-27 13:33:17.618397',22,30),(635,1,'continuing','2024-10-27 13:33:17.633620','2024-10-27 13:33:17.633620',1,31),(636,1,'continuing','2024-10-27 13:33:17.634877','2024-10-27 13:33:17.634877',14,32),(637,1,'continuing','2024-10-27 13:33:17.651655','2024-10-27 13:33:17.651655',42,33),(638,1,'finalist','2024-10-27 13:33:17.651655','2024-10-27 13:33:17.651655',41,34),(639,1,'finalist','2024-10-27 13:33:17.668287','2024-10-27 13:33:17.668287',11,35),(640,1,'continuing','2024-10-27 13:33:17.668287','2024-10-27 13:33:17.668287',5,36),(641,1,'finalist','2024-10-27 13:33:17.688960','2024-10-27 13:33:17.688960',41,37),(642,1,'finalist','2024-10-27 13:33:17.696768','2024-10-27 13:33:17.696768',21,38),(643,1,'finalist','2024-10-27 13:33:17.701551','2024-10-27 13:33:17.701551',27,39),(644,1,'continuing','2024-10-27 13:33:17.701551','2024-10-27 13:33:17.701551',38,40),(645,1,'continuing','2024-10-27 13:33:17.718424','2024-10-27 13:33:17.718424',22,41),(646,1,'continuing','2024-10-27 13:33:17.718424','2024-10-27 13:33:17.718424',19,42),(647,1,'continuing','2024-10-27 13:33:17.734848','2024-10-27 13:33:17.734848',1,43),(648,1,'continuing','2024-10-27 13:33:17.734848','2024-10-27 13:33:17.734848',26,44),(649,1,'continuing','2024-10-27 13:33:17.758160','2024-10-27 13:33:17.758160',38,45),(650,1,'continuing','2024-10-27 13:33:17.767164','2024-10-27 13:33:17.767164',1,46),(651,1,'continuing','2024-10-27 13:33:17.768300','2024-10-27 13:33:17.768300',14,47),(652,1,'continuing','2024-10-27 13:33:17.784740','2024-10-27 13:33:17.784740',22,48),(653,1,'continuing','2024-10-27 13:33:17.792158','2024-10-27 13:33:17.792158',53,50),(654,1,'continuing','2024-10-27 13:33:17.801599','2024-10-27 13:33:17.801599',55,51),(655,1,'continuing','2024-10-27 13:33:17.801599','2024-10-27 13:33:17.801599',25,52),(656,1,'continuing','2024-10-27 13:33:17.819933','2024-10-27 13:33:17.819933',51,53),(657,1,'continuing','2024-10-27 13:33:17.828560','2024-10-27 13:33:17.828560',16,54),(658,1,'continuing','2024-10-27 13:33:17.834943','2024-10-27 13:33:17.834943',55,55),(659,1,'continuing','2024-10-27 13:33:17.834943','2024-10-27 13:33:17.834943',38,56),(660,1,'continuing','2024-10-27 13:33:17.851446','2024-10-27 13:33:17.851446',14,57),(661,1,'continuing','2024-10-27 13:33:17.851446','2024-10-27 13:33:17.851446',25,58),(662,1,'continuing','2024-10-27 13:33:17.868381','2024-10-27 13:33:17.868381',42,59),(663,1,'continuing','2024-10-27 13:33:17.868381','2024-10-27 13:33:17.868381',56,60),(664,1,'continuing','2024-10-27 13:33:17.889878','2024-10-27 13:33:17.889878',37,61),(665,1,'continuing','2024-10-27 13:33:17.898387','2024-10-27 13:33:17.898387',42,62),(666,1,'continuing','2024-10-27 13:33:17.901698','2024-10-27 13:33:17.901698',56,63),(667,1,'continuing','2024-10-27 13:33:17.901698','2024-10-27 13:33:17.901698',14,64),(668,1,'continuing','2024-10-27 13:33:17.918318','2024-10-27 13:33:17.918318',16,65),(669,1,'continuing','2024-10-27 13:33:17.934755','2024-10-27 13:33:17.934755',42,66),(670,1,'continuing','2024-10-27 13:33:17.935026','2024-10-27 13:33:17.935026',38,67),(671,1,'continuing','2024-10-27 13:33:17.953504','2024-10-27 13:33:17.953504',55,68),(672,1,'continuing','2024-10-27 13:33:17.962503','2024-10-27 13:33:17.962503',1,69),(673,1,'continuing','2024-10-27 13:33:17.968486','2024-10-27 13:33:17.968486',53,70),(674,1,'continuing','2024-10-27 13:33:17.968486','2024-10-27 13:33:17.968486',13,71),(675,1,'continuing','2024-10-27 13:33:17.984950','2024-10-27 13:33:17.984950',57,72),(676,1,'continuing','2024-10-27 13:33:17.992456','2024-10-27 13:33:17.992456',57,73),(677,1,'continuing','2024-10-27 13:33:18.001636','2024-10-27 13:33:18.001636',56,74),(678,1,'continuing','2024-10-27 13:33:18.001636','2024-10-27 13:33:18.001636',13,75),(679,1,'continuing','2024-10-27 13:33:18.022876','2024-10-27 13:33:18.022876',53,76),(680,1,'continuing','2024-10-27 13:33:18.030875','2024-10-27 13:33:18.030875',54,77),(681,1,'continuing','2024-10-27 13:33:18.035000','2024-10-27 13:33:18.035000',1,78),(682,1,'continuing','2024-10-27 13:33:18.035000','2024-10-27 13:33:18.035000',57,79),(683,1,'continuing','2024-10-27 13:33:18.051600','2024-10-27 13:33:18.051600',57,80),(684,1,'continuing','2024-10-27 13:33:18.051600','2024-10-27 13:33:18.051600',57,81),(685,1,'continuing','2024-10-27 13:33:18.068331','2024-10-27 13:33:18.068331',35,82),(686,1,'continuing','2024-10-27 13:33:18.068331','2024-10-27 13:33:18.068331',4,83),(687,1,'continuing','2024-10-27 13:33:18.090836','2024-10-27 13:33:18.090836',35,84),(688,1,'continuing','2024-10-27 13:33:18.099536','2024-10-27 13:33:18.099536',35,85),(689,1,'continuing','2024-10-27 13:33:18.101844','2024-10-27 13:33:18.101844',38,86),(690,1,'continuing','2024-10-27 13:33:18.117011','2024-10-27 13:33:18.117011',8,87),(691,1,'continuing','2024-10-27 13:33:18.118262','2024-10-27 13:33:18.118262',2,88),(692,1,'continuing','2024-10-27 13:33:18.134940','2024-10-27 13:33:18.134940',37,89),(693,1,'continuing','2024-10-27 13:33:18.134940','2024-10-27 13:33:18.134940',2,90),(694,1,'continuing','2024-10-27 13:33:18.153003','2024-10-27 13:33:18.153003',14,91),(695,1,'continuing','2024-10-27 13:33:18.160613','2024-10-27 13:33:18.160613',13,92),(696,1,'continuing','2024-10-27 13:33:18.168206','2024-10-27 13:33:18.168206',3,93),(697,1,'continuing','2024-10-27 13:33:18.168206','2024-10-27 13:33:18.168206',22,94),(698,1,'continuing','2024-10-27 13:33:18.184805','2024-10-27 13:33:18.184805',14,95),(699,1,'continuing','2024-10-27 13:33:18.192342','2024-10-27 13:33:18.192342',53,96),(700,1,'continuing','2024-10-27 13:33:18.201331','2024-10-27 13:33:18.201331',14,97),(701,1,'continuing','2024-10-27 13:33:18.201331','2024-10-27 13:33:18.201331',38,98),(702,1,'continuing','2024-10-27 13:33:18.221880','2024-10-27 13:33:18.221880',35,99),(703,1,'continuing','2024-10-27 13:33:18.229879','2024-10-27 13:33:18.229879',53,100),(704,1,'continuing','2024-10-27 13:33:18.238436','2024-10-27 13:33:18.238436',55,101),(705,1,'continuing','2024-10-27 13:33:18.246434','2024-10-27 13:33:18.246434',38,102),(706,1,'continuing','2024-10-27 13:33:18.255335','2024-10-27 13:33:18.255335',1,103),(707,1,'continuing','2024-10-27 13:33:18.263334','2024-10-27 13:33:18.263334',14,104),(708,1,'continuing','2024-10-27 13:33:18.268069','2024-10-27 13:33:18.268069',16,105),(709,1,'continuing','2024-10-27 13:33:18.268069','2024-10-27 13:33:18.268069',22,106),(710,1,'continuing','2024-10-27 13:33:18.288351','2024-10-27 13:33:18.288351',58,107),(711,1,'continuing','2024-10-27 13:33:18.296535','2024-10-27 13:33:18.296535',14,108),(712,1,'continuing','2024-10-27 13:33:18.305002','2024-10-27 13:33:18.305002',22,109),(713,1,'continuing','2024-10-27 13:33:18.312007','2024-10-27 13:33:18.312007',15,110),(714,1,'continuing','2024-10-27 13:33:18.321809','2024-10-27 13:33:18.321809',14,111),(715,1,'continuing','2024-10-27 13:33:18.330117','2024-10-27 13:33:18.330117',20,112),(716,1,'continuing','2024-10-27 13:33:18.334740','2024-10-27 13:33:18.334740',2,113),(717,1,'continuing','2024-10-27 13:33:18.354511','2024-10-27 13:33:18.354511',26,114),(718,1,'continuing','2024-10-27 13:33:18.364018','2024-10-27 13:33:18.364018',16,115),(719,1,'continuing','2024-10-27 13:33:18.373249','2024-10-27 13:33:18.373249',29,116),(720,1,'continuing','2024-10-27 13:33:18.380469','2024-10-27 13:33:18.380469',13,117),(721,1,'continuing','2024-10-27 13:33:18.383594','2024-10-27 13:33:18.383594',29,118),(722,1,'continuing','2024-10-27 13:33:18.399106','2024-10-27 13:33:18.399106',42,119),(723,1,'continuing','2024-10-27 13:33:18.401373','2024-10-27 13:33:18.401373',53,120),(724,1,'continuing','2024-10-27 13:33:18.401373','2024-10-27 13:33:18.401373',13,121),(725,1,'finalist','2024-10-27 13:33:18.423760','2024-10-27 13:33:18.423760',41,122),(726,1,'continuing','2024-10-27 13:33:18.431712','2024-10-27 13:33:18.431712',38,123),(727,1,'continuing','2024-10-27 13:33:18.439956','2024-10-27 13:33:18.439956',16,124),(728,1,'continuing','2024-10-27 13:33:18.447956','2024-10-27 13:33:18.447956',16,125),(729,1,'continuing','2024-10-27 13:33:18.450216','2024-10-27 13:33:18.450216',14,126),(730,1,'continuing','2024-10-27 13:33:18.450216','2024-10-27 13:33:18.450216',5,127),(731,1,'continuing','2024-10-27 13:33:18.468005','2024-10-27 13:33:18.468005',51,128),(732,1,'continuing','2024-10-27 13:33:18.468005','2024-10-27 13:33:18.468005',22,129),(733,1,'continuing','2024-10-27 13:33:18.489968','2024-10-27 13:33:18.489968',38,130),(734,1,'continuing','2024-10-27 13:33:18.497448','2024-10-27 13:33:18.497448',13,131),(735,1,'continuing','2024-10-27 13:33:18.505892','2024-10-27 13:33:18.505892',38,132),(736,1,'continuing','2024-10-27 13:33:18.513891','2024-10-27 13:33:18.513891',14,133),(737,1,'continuing','2024-10-27 13:33:18.516891','2024-10-27 13:33:18.516891',22,134),(738,1,'continuing','2024-10-27 13:33:18.531897','2024-10-27 13:33:18.531897',57,135),(739,1,'continuing','2024-10-27 13:33:18.534574','2024-10-27 13:33:18.534574',38,136),(740,1,'continuing','2024-10-27 13:33:18.549580','2024-10-27 13:33:18.549580',6,137),(741,1,'continuing','2024-10-27 13:33:18.557726','2024-10-27 13:33:18.557726',37,138),(742,1,'continuing','2024-10-27 13:33:18.566724','2024-10-27 13:33:18.566724',3,139),(743,1,'continuing','2024-10-27 13:33:18.578868','2024-10-27 13:33:18.578868',37,140),(744,1,'continuing','2024-10-27 13:33:18.583525','2024-10-27 13:33:18.583525',42,141),(745,1,'continuing','2024-10-27 13:33:18.598540','2024-10-27 13:33:18.598540',40,142),(746,1,'continuing','2024-10-27 13:33:18.601346','2024-10-27 13:33:18.601346',14,143),(747,1,'continuing','2024-10-27 13:33:18.624718','2024-10-27 13:33:18.624718',14,144),(748,1,'continuing','2024-10-27 13:33:18.636604','2024-10-27 13:33:18.636604',37,145),(749,1,'continuing','2024-10-27 13:33:18.644603','2024-10-27 13:33:18.644603',38,146),(750,1,'continuing','2024-10-27 13:33:18.650208','2024-10-27 13:33:18.650208',38,147),(751,1,'continuing','2024-10-27 13:33:18.650208','2024-10-27 13:33:18.650208',53,148),(752,1,'continuing','2024-10-27 13:33:18.667921','2024-10-27 13:33:18.667921',9,149),(753,1,'continuing','2024-10-27 13:33:18.667921','2024-10-27 13:33:18.667921',28,150),(754,1,'continuing','2024-10-27 13:33:18.688500','2024-10-27 13:33:18.688500',38,151),(755,1,'continuing','2024-10-27 13:33:18.696212','2024-10-27 13:33:18.696212',37,152),(756,1,'continuing','2024-10-27 13:33:18.705084','2024-10-27 13:33:18.705084',26,153),(757,1,'continuing','2024-10-27 13:33:18.713084','2024-10-27 13:33:18.713084',55,154),(758,1,'continuing','2024-10-27 13:33:18.716916','2024-10-27 13:33:18.716916',38,155),(759,1,'continuing','2024-10-27 13:33:18.716916','2024-10-27 13:33:18.716916',13,156),(760,1,'continuing','2024-10-27 13:33:18.734760','2024-10-27 13:33:18.734760',22,157),(761,1,'continuing','2024-10-27 13:33:18.734760','2024-10-27 13:33:18.734760',12,158),(762,1,'continuing','2024-10-27 13:33:18.754167','2024-10-27 13:33:18.754167',57,159),(763,1,'continuing','2024-10-27 13:33:18.762167','2024-10-27 13:33:18.762167',2,160),(764,1,'continuing','2024-10-27 13:33:18.770889','2024-10-27 13:33:18.770889',38,161),(765,1,'continuing','2024-10-27 13:33:18.779018','2024-10-27 13:33:18.779018',55,162),(766,1,'continuing','2024-10-27 13:33:18.783591','2024-10-27 13:33:18.783591',14,163),(767,1,'continuing','2024-10-27 13:33:18.792626','2024-10-27 13:33:18.792626',57,164),(768,1,'continuing','2024-10-27 13:33:18.801334','2024-10-27 13:33:18.801334',42,165),(769,1,'continuing','2024-10-27 13:33:18.801334','2024-10-27 13:33:18.801334',35,166),(770,1,'continuing','2024-10-27 13:33:18.821622','2024-10-27 13:33:18.821622',35,167),(771,1,'continuing','2024-10-27 13:33:18.829622','2024-10-27 13:33:18.829622',15,168),(772,1,'continuing','2024-10-27 13:33:18.838198','2024-10-27 13:33:18.838198',42,169),(773,1,'continuing','2024-10-27 13:33:18.846198','2024-10-27 13:33:18.846198',28,170),(774,1,'continuing','2024-10-27 13:33:18.850199','2024-10-27 13:33:18.850199',42,171),(775,1,'continuing','2024-10-27 13:33:18.850199','2024-10-27 13:33:18.850199',14,172),(776,1,'continuing','2024-10-27 13:33:18.867942','2024-10-27 13:33:18.867942',40,173),(777,1,'continuing','2024-10-27 13:33:18.885707','2024-10-27 13:33:18.885707',38,174),(778,1,'continuing','2024-10-27 13:33:18.893560','2024-10-27 13:33:18.893560',1,175),(779,1,'continuing','2024-10-27 13:33:18.901833','2024-10-27 13:33:18.901833',14,176),(780,1,'continuing','2024-10-27 13:33:18.909434','2024-10-27 13:33:18.909434',51,177),(781,1,'continuing','2024-10-27 13:33:18.916859','2024-10-27 13:33:18.916859',2,178),(782,1,'continuing','2024-10-27 13:33:18.916859','2024-10-27 13:33:18.916859',38,179),(783,1,'continuing','2024-10-27 13:33:18.934843','2024-10-27 13:33:18.934843',15,180),(784,1,'continuing','2024-10-27 13:33:18.934843','2024-10-27 13:33:18.934843',42,181),(785,1,'continuing','2024-10-27 13:33:18.952777','2024-10-27 13:33:18.952777',4,182),(786,1,'continuing','2024-10-27 13:33:18.959782','2024-10-27 13:33:18.960782',38,183),(787,1,'continuing','2024-10-27 13:33:18.969283','2024-10-27 13:33:18.969283',25,184),(788,1,'continuing','2024-10-27 13:33:18.976920','2024-10-27 13:33:18.976920',14,185),(789,1,'continuing','2024-10-27 13:33:18.983556','2024-10-27 13:33:18.983556',29,186),(790,1,'continuing','2024-10-27 13:33:18.992563','2024-10-27 13:33:18.992563',13,187),(791,1,'continuing','2024-10-27 13:33:19.001275','2024-10-27 13:33:19.001275',2,188),(792,1,'continuing','2024-10-27 13:33:19.001275','2024-10-27 13:33:19.001275',37,189),(793,1,'continuing','2024-10-27 13:33:19.019024','2024-10-27 13:33:19.019024',51,190),(794,1,'continuing','2024-10-27 13:33:19.027088','2024-10-27 13:33:19.027088',37,191),(795,1,'continuing','2024-10-27 13:33:19.035248','2024-10-27 13:33:19.035248',37,192),(796,1,'continuing','2024-10-27 13:33:19.042851','2024-10-27 13:33:19.042851',53,193),(797,1,'continuing','2024-10-27 13:33:19.050170','2024-10-27 13:33:19.050170',17,194),(798,1,'continuing','2024-10-27 13:33:19.050170','2024-10-27 13:33:19.050170',38,195),(799,1,'continuing','2024-10-27 13:33:19.067907','2024-10-27 13:33:19.067907',57,196),(800,1,'continuing','2024-10-27 13:33:19.067907','2024-10-27 13:33:19.067907',38,197),(801,1,'continuing','2024-10-27 13:33:19.084695','2024-10-27 13:33:19.084695',22,198),(802,1,'finalist','2024-10-27 13:33:19.092487','2024-10-27 13:33:19.092487',43,199),(803,1,'continuing','2024-10-27 13:33:19.100684','2024-10-27 13:33:19.100684',12,200),(804,1,'continuing','2024-10-27 13:33:19.109469','2024-10-27 13:33:19.109469',38,201),(805,1,'continuing','2024-10-27 13:33:19.116889','2024-10-27 13:33:19.116889',37,202),(806,1,'continuing','2024-10-27 13:33:19.116889','2024-10-27 13:33:19.116889',1,203),(807,1,'continuing','2024-10-27 13:33:19.134674','2024-10-27 13:33:19.134674',13,204),(808,1,'continuing','2024-10-27 13:33:19.134674','2024-10-27 13:33:19.134674',55,205),(809,1,'continuing','2024-10-27 13:33:19.151274','2024-10-27 13:33:19.151274',12,206),(810,1,'continuing','2024-10-27 13:33:19.159278','2024-10-27 13:33:19.159278',57,207),(811,1,'continuing','2024-10-27 13:33:19.166278','2024-10-27 13:33:19.166278',14,208),(812,1,'finalist','2024-10-27 13:33:19.174818','2024-10-27 13:33:19.174818',43,210),(813,1,'continuing','2024-10-27 13:33:19.183525','2024-10-27 13:33:19.183525',55,211),(814,1,'continuing','2024-10-27 13:33:19.192533','2024-10-27 13:33:19.192533',38,212),(815,1,'continuing','2024-10-27 13:33:19.201282','2024-10-27 13:33:19.201282',16,213),(816,1,'continuing','2024-10-27 13:33:19.201282','2024-10-27 13:33:19.201282',37,214),(817,1,'continuing','2024-10-27 13:33:19.218981','2024-10-27 13:33:19.218981',37,215),(818,1,'continuing','2024-10-27 13:33:19.229982','2024-10-27 13:33:19.230980',38,216),(819,1,'continuing','2024-10-27 13:33:19.235712','2024-10-27 13:33:19.235712',59,217),(820,1,'continuing','2024-10-27 13:33:19.253909','2024-10-27 13:33:19.253909',38,218),(821,1,'continuing','2024-10-27 13:33:19.261914','2024-10-27 13:33:19.261914',37,219),(822,1,'continuing','2024-10-27 13:33:19.270395','2024-10-27 13:33:19.270395',16,220),(823,1,'continuing','2024-10-27 13:33:19.277394','2024-10-27 13:33:19.277394',59,221),(824,1,'continuing','2024-10-27 13:33:19.283547','2024-10-27 13:33:19.283547',38,222),(825,1,'continuing','2024-10-27 13:33:19.292554','2024-10-27 13:33:19.292554',37,223),(826,1,'continuing','2024-10-27 13:33:19.301199','2024-10-27 13:33:19.301199',38,224),(827,1,'continuing','2024-10-27 13:33:19.301199','2024-10-27 13:33:19.301199',28,225),(828,1,'continuing','2024-10-27 13:33:19.320329','2024-10-27 13:33:19.320329',12,226),(829,1,'continuing','2024-10-27 13:33:19.328205','2024-10-27 13:33:19.328205',38,227),(830,1,'continuing','2024-10-27 13:33:19.336950','2024-10-27 13:33:19.336950',42,228),(831,1,'continuing','2024-10-27 13:33:19.344682','2024-10-27 13:33:19.344682',22,229),(832,1,'continuing','2024-10-27 13:33:19.350995','2024-10-27 13:33:19.350995',14,230),(833,1,'continuing','2024-10-27 13:33:19.359093','2024-10-27 13:33:19.359093',53,231),(834,1,'continuing','2024-10-27 13:33:19.368040','2024-10-27 13:33:19.368040',22,232),(835,1,'continuing','2024-10-27 13:33:19.388537','2024-10-27 13:33:19.388537',28,233),(836,1,'continuing','2024-10-27 13:33:19.396215','2024-10-27 13:33:19.396215',37,234),(837,1,'continuing','2024-10-27 13:33:19.404808','2024-10-27 13:33:19.404808',28,235),(838,1,'continuing','2024-10-27 13:33:19.412396','2024-10-27 13:33:19.412396',42,236),(839,1,'continuing','2024-10-27 13:33:19.416865','2024-10-27 13:33:19.416865',53,237),(840,1,'continuing','2024-10-27 13:33:19.416865','2024-10-27 13:33:19.416865',1,238),(841,1,'continuing','2024-10-27 13:33:19.434691','2024-10-27 13:33:19.434691',42,239),(842,1,'continuing','2024-10-27 13:33:19.434691','2024-10-27 13:33:19.434691',37,240),(843,1,'continuing','2024-10-27 13:33:19.454180','2024-10-27 13:33:19.454180',37,241),(844,1,'continuing','2024-10-27 13:33:19.462169','2024-10-27 13:33:19.462169',16,242),(845,1,'continuing','2024-10-27 13:33:19.470671','2024-10-27 13:33:19.470671',37,243),(846,1,'continuing','2024-10-27 13:33:19.477779','2024-10-27 13:33:19.477779',13,244),(847,1,'continuing','2024-10-27 13:33:19.483601','2024-10-27 13:33:19.483601',53,245),(848,1,'continuing','2024-10-27 13:33:19.492706','2024-10-27 13:33:19.492706',38,246),(849,1,'continuing','2024-10-27 13:33:19.501339','2024-10-27 13:33:19.501339',28,247),(850,1,'continuing','2024-10-27 13:33:19.501339','2024-10-27 13:33:19.501339',5,248);
/*!40000 ALTER TABLE `student` ENABLE KEYS */;
UNLOCK TABLES;

--
-- Table structure for table `student_bill`
--

DROP TABLE IF EXISTS `student_bill`;
/*!40101 SET @saved_cs_client     = @@character_set_client */;
/*!50503 SET character_set_client = utf8mb4 */;
CREATE TABLE `student_bill` (
  `id` bigint(20) NOT NULL AUTO_INCREMENT,
  `status` varchar(20) NOT NULL,
  `created` datetime(6) NOT NULL,
  `updated` datetime(6) NOT NULL,
  `bill_id` bigint(20) NOT NULL,
  `student_id` bigint(20) NOT NULL,
  `paid_amount` decimal(10,2) NOT NULL,
  PRIMARY KEY (`id`),
  UNIQUE KEY `student_bill_student_id_bill_id_01ae2fa8_uniq` (`student_id`,`bill_id`),
  KEY `student_bill_bill_id_dcff3982_fk_bill_id` (`bill_id`),
  KEY `student_bill_student_id_16239d6e` (`student_id`),
  CONSTRAINT `student_bill_bill_id_dcff3982_fk_bill_id` FOREIGN KEY (`bill_id`) REFERENCES `bill` (`id`),
  CONSTRAINT `student_bill_student_id_16239d6e_fk_student_id` FOREIGN KEY (`student_id`) REFERENCES `student` (`id`)
) ENGINE=InnoDB AUTO_INCREMENT=450 DEFAULT CHARSET=latin1;
/*!40101 SET character_set_client = @saved_cs_client */;

--
-- Dumping data for table `student_bill`
--

LOCK TABLES `student_bill` WRITE;
/*!40000 ALTER TABLE `student_bill` DISABLE KEYS */;
INSERT INTO `student_bill` VALUES (204,'unpaid','2024-10-27 13:33:17.383729','2024-10-27 13:33:17.384928',8,609,0.00),(205,'unpaid','2024-10-27 13:33:17.401732','2024-10-27 13:33:17.401732',8,610,0.00),(206,'unpaid','2024-10-27 13:33:17.401732','2024-10-27 13:33:17.401732',8,611,0.00),(207,'unpaid','2024-10-27 13:33:17.418402','2024-10-27 13:33:17.418402',8,612,0.00),(208,'unpaid','2024-10-27 13:33:17.418402','2024-10-27 13:33:17.433671',8,613,0.00),(209,'unpaid','2024-10-27 13:33:17.434775','2024-10-27 13:33:17.434775',8,614,0.00),(210,'unpaid','2024-10-27 13:33:17.434775','2024-10-27 13:33:17.451562',8,615,0.00),(211,'unpaid','2024-10-27 13:33:17.451562','2024-10-27 13:33:17.451562',8,616,0.00),(212,'unpaid','2024-10-27 13:33:17.468251','2024-10-27 13:33:17.468251',8,617,0.00),(213,'unpaid','2024-10-27 13:33:17.468251','2024-10-27 13:33:17.468251',8,618,0.00),(214,'unpaid','2024-10-27 13:33:17.485031','2024-10-27 13:33:17.485031',8,619,0.00),(215,'unpaid','2024-10-27 13:33:17.492073','2024-10-27 13:33:17.492073',8,620,0.00),(216,'unpaid','2024-10-27 13:33:17.501826','2024-10-27 13:33:17.501826',8,621,0.00),(217,'unpaid','2024-10-27 13:33:17.501826','2024-10-27 13:33:17.518625',8,622,0.00),(218,'unpaid','2024-10-27 13:33:17.518625','2024-10-27 13:33:17.518625',8,623,0.00),(219,'unpaid','2024-10-27 13:33:17.535077','2024-10-27 13:33:17.535077',8,624,0.00),(220,'unpaid','2024-10-27 13:33:17.535077','2024-10-27 13:33:17.535077',8,625,0.00),(221,'unpaid','2024-10-27 13:33:17.551603','2024-10-27 13:33:17.551603',8,626,0.00),(222,'unpaid','2024-10-27 13:33:17.551603','2024-10-27 13:33:17.551603',8,627,0.00),(223,'unpaid','2024-10-27 13:33:17.568736','2024-10-27 13:33:17.568736',8,628,0.00),(224,'unpaid','2024-10-27 13:33:17.568736','2024-10-27 13:33:17.583774',8,629,0.00),(225,'unpaid','2024-10-27 13:33:17.585063','2024-10-27 13:33:17.592070',8,630,0.00),(226,'unpaid','2024-10-27 13:33:17.592070','2024-10-27 13:33:17.601818',8,631,0.00),(227,'unpaid','2024-10-27 13:33:17.601818','2024-10-27 13:33:17.601818',8,632,0.00),(228,'unpaid','2024-10-27 13:33:17.601818','2024-10-27 13:33:17.618397',8,633,0.00),(229,'unpaid','2024-10-27 13:33:17.618397','2024-10-27 13:33:17.618397',8,634,0.00),(230,'unpaid','2024-10-27 13:33:17.634877','2024-10-27 13:33:17.634877',8,635,0.00),(231,'unpaid','2024-10-27 13:33:17.634877','2024-10-27 13:33:17.634877',8,636,0.00),(232,'unpaid','2024-10-27 13:33:17.651655','2024-10-27 13:33:17.651655',8,637,0.00),(233,'unpaid','2024-10-27 13:33:17.651655','2024-10-27 13:33:17.651655',8,638,0.00),(234,'unpaid','2024-10-27 13:33:17.668287','2024-10-27 13:33:17.668287',8,639,0.00),(235,'unpaid','2024-10-27 13:33:17.668287','2024-10-27 13:33:17.683634',8,640,0.00),(236,'unpaid','2024-10-27 13:33:17.690021','2024-10-27 13:33:17.692661',8,641,0.00),(237,'unpaid','2024-10-27 13:33:17.697720','2024-10-27 13:33:17.700679',8,642,0.00),(238,'unpaid','2024-10-27 13:33:17.701551','2024-10-27 13:33:17.701551',8,643,0.00),(239,'unpaid','2024-10-27 13:33:17.701551','2024-10-27 13:33:17.718223',8,644,0.00),(240,'unpaid','2024-10-27 13:33:17.718424','2024-10-27 13:33:17.718424',8,645,0.00),(241,'unpaid','2024-10-27 13:33:17.718424','2024-10-27 13:33:17.734848',8,646,0.00),(242,'unpaid','2024-10-27 13:33:17.734848','2024-10-27 13:33:17.734848',8,647,0.00),(243,'unpaid','2024-10-27 13:33:17.751401','2024-10-27 13:33:17.754162',8,648,0.00),(244,'unpaid','2024-10-27 13:33:17.760160','2024-10-27 13:33:17.762160',8,649,0.00),(245,'unpaid','2024-10-27 13:33:17.768300','2024-10-27 13:33:17.768300',8,650,0.00),(246,'unpaid','2024-10-27 13:33:17.768300','2024-10-27 13:33:17.768300',8,651,0.00),(247,'unpaid','2024-10-27 13:33:17.785150','2024-10-27 13:33:17.785150',8,652,0.00),(248,'unpaid','2024-10-27 13:33:17.792158','2024-10-27 13:33:17.792158',8,653,0.00),(249,'unpaid','2024-10-27 13:33:17.801599','2024-10-27 13:33:17.801599',8,654,0.00),(250,'unpaid','2024-10-27 13:33:17.801599','2024-10-27 13:33:17.801599',8,655,0.00),(251,'unpaid','2024-10-27 13:33:17.821932','2024-10-27 13:33:17.824594',8,656,0.00),(252,'unpaid','2024-10-27 13:33:17.830560','2024-10-27 13:33:17.832560',8,657,0.00),(253,'unpaid','2024-10-27 13:33:17.834943','2024-10-27 13:33:17.834943',8,658,0.00),(254,'unpaid','2024-10-27 13:33:17.834943','2024-10-27 13:33:17.834943',8,659,0.00),(255,'unpaid','2024-10-27 13:33:17.851446','2024-10-27 13:33:17.851446',8,660,0.00),(256,'unpaid','2024-10-27 13:33:17.851446','2024-10-27 13:33:17.868062',8,661,0.00),(257,'unpaid','2024-10-27 13:33:17.868381','2024-10-27 13:33:17.868381',8,662,0.00),(258,'unpaid','2024-10-27 13:33:17.868381','2024-10-27 13:33:17.885953',8,663,0.00),(259,'unpaid','2024-10-27 13:33:17.890878','2024-10-27 13:33:17.894387',8,664,0.00),(260,'unpaid','2024-10-27 13:33:17.899387','2024-10-27 13:33:17.901698',8,665,0.00),(261,'unpaid','2024-10-27 13:33:17.901698','2024-10-27 13:33:17.901698',8,666,0.00),(262,'unpaid','2024-10-27 13:33:17.918318','2024-10-27 13:33:17.918318',8,667,0.00),(263,'unpaid','2024-10-27 13:33:17.918318','2024-10-27 13:33:17.918318',8,668,0.00),(264,'unpaid','2024-10-27 13:33:17.935026','2024-10-27 13:33:17.935026',8,669,0.00),(265,'unpaid','2024-10-27 13:33:17.935026','2024-10-27 13:33:17.935026',8,670,0.00),(266,'unpaid','2024-10-27 13:33:17.954503','2024-10-27 13:33:17.957503',8,671,0.00),(267,'unpaid','2024-10-27 13:33:17.963503','2024-10-27 13:33:17.966503',8,672,0.00),(268,'unpaid','2024-10-27 13:33:17.968486','2024-10-27 13:33:17.968486',8,673,0.00),(269,'unpaid','2024-10-27 13:33:17.968486','2024-10-27 13:33:17.984875',8,674,0.00),(270,'unpaid','2024-10-27 13:33:17.984950','2024-10-27 13:33:17.992456',8,675,0.00),(271,'unpaid','2024-10-27 13:33:17.992456','2024-10-27 13:33:18.001636',8,676,0.00),(272,'unpaid','2024-10-27 13:33:18.001636','2024-10-27 13:33:18.001636',8,677,0.00),(273,'unpaid','2024-10-27 13:33:18.001636','2024-10-27 13:33:18.018070',8,678,0.00),(274,'unpaid','2024-10-27 13:33:18.024901','2024-10-27 13:33:18.026891',8,679,0.00),(275,'unpaid','2024-10-27 13:33:18.031875','2024-10-27 13:33:18.035000',8,680,0.00),(276,'unpaid','2024-10-27 13:33:18.035000','2024-10-27 13:33:18.035000',8,681,0.00),(277,'unpaid','2024-10-27 13:33:18.035000','2024-10-27 13:33:18.051600',8,682,0.00),(278,'unpaid','2024-10-27 13:33:18.051600','2024-10-27 13:33:18.051600',8,683,0.00),(279,'unpaid','2024-10-27 13:33:18.067134','2024-10-27 13:33:18.068331',8,684,0.00),(280,'unpaid','2024-10-27 13:33:18.068331','2024-10-27 13:33:18.068331',8,685,0.00),(281,'unpaid','2024-10-27 13:33:18.083791','2024-10-27 13:33:18.087873',8,686,0.00),(282,'unpaid','2024-10-27 13:33:18.093507','2024-10-27 13:33:18.095604',8,687,0.00),(283,'unpaid','2024-10-27 13:33:18.101844','2024-10-27 13:33:18.101844',8,688,0.00),(284,'unpaid','2024-10-27 13:33:18.101844','2024-10-27 13:33:18.101844',8,689,0.00),(285,'unpaid','2024-10-27 13:33:18.118262','2024-10-27 13:33:18.118262',8,690,0.00),(286,'unpaid','2024-10-27 13:33:18.118262','2024-10-27 13:33:18.118262',8,691,0.00),(287,'unpaid','2024-10-27 13:33:18.134940','2024-10-27 13:33:18.134940',8,692,0.00),(288,'unpaid','2024-10-27 13:33:18.134940','2024-10-27 13:33:18.134940',8,693,0.00),(289,'unpaid','2024-10-27 13:33:18.154619','2024-10-27 13:33:18.156634',8,694,0.00),(290,'unpaid','2024-10-27 13:33:18.162531','2024-10-27 13:33:18.164619',8,695,0.00),(291,'unpaid','2024-10-27 13:33:18.168206','2024-10-27 13:33:18.168206',8,696,0.00),(292,'unpaid','2024-10-27 13:33:18.168206','2024-10-27 13:33:18.168206',8,697,0.00),(293,'unpaid','2024-10-27 13:33:18.184805','2024-10-27 13:33:18.184805',8,698,0.00),(294,'unpaid','2024-10-27 13:33:18.192342','2024-10-27 13:33:18.192342',8,699,0.00),(295,'unpaid','2024-10-27 13:33:18.201331','2024-10-27 13:33:18.201331',8,700,0.00),(296,'unpaid','2024-10-27 13:33:18.201331','2024-10-27 13:33:18.216987',8,701,0.00),(297,'unpaid','2024-10-27 13:33:18.223880','2024-10-27 13:33:18.225880',8,702,0.00),(298,'unpaid','2024-10-27 13:33:18.230880','2024-10-27 13:33:18.233554',8,703,0.00),(299,'unpaid','2024-10-27 13:33:18.239456','2024-10-27 13:33:18.241451',8,704,0.00),(300,'unpaid','2024-10-27 13:33:18.247452','2024-10-27 13:33:18.251436',8,705,0.00),(301,'unpaid','2024-10-27 13:33:18.257335','2024-10-27 13:33:18.259361',8,706,0.00),(302,'unpaid','2024-10-27 13:33:18.265334','2024-10-27 13:33:18.268069',8,707,0.00),(303,'unpaid','2024-10-27 13:33:18.268069','2024-10-27 13:33:18.268069',8,708,0.00),(304,'unpaid','2024-10-27 13:33:18.268069','2024-10-27 13:33:18.284606',8,709,0.00),(305,'unpaid','2024-10-27 13:33:18.290324','2024-10-27 13:33:18.292323',8,710,0.00),(306,'unpaid','2024-10-27 13:33:18.297536','2024-10-27 13:33:18.299536',8,711,0.00),(307,'unpaid','2024-10-27 13:33:18.306008','2024-10-27 13:33:18.308007',8,712,0.00),(308,'unpaid','2024-10-27 13:33:18.314015','2024-10-27 13:33:18.316011',8,713,0.00),(309,'unpaid','2024-10-27 13:33:18.323155','2024-10-27 13:33:18.326117',8,714,0.00),(310,'unpaid','2024-10-27 13:33:18.331631','2024-10-27 13:33:18.334740',8,715,0.00),(311,'unpaid','2024-10-27 13:33:18.334740','2024-10-27 13:33:18.334740',8,716,0.00),(312,'unpaid','2024-10-27 13:33:18.356511','2024-10-27 13:33:18.359699',8,717,0.00),(313,'unpaid','2024-10-27 13:33:18.364967','2024-10-27 13:33:18.368316',8,718,0.00),(314,'unpaid','2024-10-27 13:33:18.374267','2024-10-27 13:33:18.376267',8,719,0.00),(315,'unpaid','2024-10-27 13:33:18.382469','2024-10-27 13:33:18.383594',8,720,0.00),(316,'unpaid','2024-10-27 13:33:18.383594','2024-10-27 13:33:18.392601',8,721,0.00),(317,'unpaid','2024-10-27 13:33:18.400372','2024-10-27 13:33:18.401373',8,722,0.00),(318,'unpaid','2024-10-27 13:33:18.401373','2024-10-27 13:33:18.401373',8,723,0.00),(319,'unpaid','2024-10-27 13:33:18.417012','2024-10-27 13:33:18.419796',8,724,0.00),(320,'unpaid','2024-10-27 13:33:18.424707','2024-10-27 13:33:18.427769',8,725,0.00),(321,'unpaid','2024-10-27 13:33:18.432740','2024-10-27 13:33:18.436065',8,726,0.00),(322,'unpaid','2024-10-27 13:33:18.441956','2024-10-27 13:33:18.443956',8,727,0.00),(323,'unpaid','2024-10-27 13:33:18.448956','2024-10-27 13:33:18.450216',8,728,0.00),(324,'unpaid','2024-10-27 13:33:18.450216','2024-10-27 13:33:18.450216',8,729,0.00),(325,'unpaid','2024-10-27 13:33:18.465843','2024-10-27 13:33:18.468005',8,730,0.00),(326,'unpaid','2024-10-27 13:33:18.468005','2024-10-27 13:33:18.468005',8,731,0.00),(327,'unpaid','2024-10-27 13:33:18.483011','2024-10-27 13:33:18.485938',8,732,0.00),(328,'unpaid','2024-10-27 13:33:18.490939','2024-10-27 13:33:18.493450',8,733,0.00),(329,'unpaid','2024-10-27 13:33:18.499448','2024-10-27 13:33:18.501761',8,734,0.00),(330,'unpaid','2024-10-27 13:33:18.507891','2024-10-27 13:33:18.509891',8,735,0.00),(331,'unpaid','2024-10-27 13:33:18.515893','2024-10-27 13:33:18.516891',8,736,0.00),(332,'unpaid','2024-10-27 13:33:18.516891','2024-10-27 13:33:18.516891',8,737,0.00),(333,'unpaid','2024-10-27 13:33:18.534574','2024-10-27 13:33:18.534574',8,738,0.00),(334,'unpaid','2024-10-27 13:33:18.534574','2024-10-27 13:33:18.534574',8,739,0.00),(335,'partial payment','2024-10-27 13:33:18.551283','2024-10-28 15:58:58.813541',8,740,100.00),(336,'unpaid','2024-10-27 13:33:18.559718','2024-10-27 13:33:18.561718',8,741,0.00),(337,'unpaid','2024-10-27 13:33:18.568862','2024-10-27 13:33:18.572862',8,742,0.00),(338,'unpaid','2024-10-27 13:33:18.580869','2024-10-27 13:33:18.583525',8,743,0.00),(339,'unpaid','2024-10-27 13:33:18.583525','2024-10-27 13:33:18.592534',8,744,0.00),(340,'unpaid','2024-10-27 13:33:18.601346','2024-10-27 13:33:18.601346',8,745,0.00),(341,'unpaid','2024-10-27 13:33:18.601346','2024-10-27 13:33:18.618039',8,746,0.00),(342,'unpaid','2024-10-27 13:33:18.627708','2024-10-27 13:33:18.630712',8,747,0.00),(343,'unpaid','2024-10-27 13:33:18.638603','2024-10-27 13:33:18.640603',8,748,0.00),(344,'unpaid','2024-10-27 13:33:18.645603','2024-10-27 13:33:18.648603',8,749,0.00),(345,'unpaid','2024-10-27 13:33:18.650208','2024-10-27 13:33:18.650208',8,750,0.00),(346,'unpaid','2024-10-27 13:33:18.650208','2024-10-27 13:33:18.650208',8,751,0.00),(347,'unpaid','2024-10-27 13:33:18.667921','2024-10-27 13:33:18.667921',8,752,0.00),(348,'unpaid','2024-10-27 13:33:18.667921','2024-10-27 13:33:18.683824',8,753,0.00),(349,'unpaid','2024-10-27 13:33:18.689536','2024-10-27 13:33:18.691536',8,754,0.00),(350,'unpaid','2024-10-27 13:33:18.697255','2024-10-27 13:33:18.700194',8,755,0.00),(351,'unpaid','2024-10-27 13:33:18.706084','2024-10-27 13:33:18.709084',8,756,0.00),(352,'unpaid','2024-10-27 13:33:18.714084','2024-10-27 13:33:18.716112',8,757,0.00),(353,'unpaid','2024-10-27 13:33:18.716916','2024-10-27 13:33:18.716916',8,758,0.00),(354,'unpaid','2024-10-27 13:33:18.716916','2024-10-27 13:33:18.731922',8,759,0.00),(355,'unpaid','2024-10-27 13:33:18.734760','2024-10-27 13:33:18.734760',8,760,0.00),(356,'unpaid','2024-10-27 13:33:18.734760','2024-10-27 13:33:18.734760',8,761,0.00),(357,'unpaid','2024-10-27 13:33:18.756167','2024-10-27 13:33:18.758167',8,762,0.00),(358,'unpaid','2024-10-27 13:33:18.763167','2024-10-27 13:33:18.766167',8,763,0.00),(359,'unpaid','2024-10-27 13:33:18.772034','2024-10-27 13:33:18.774021',8,764,0.00),(360,'unpaid','2024-10-27 13:33:18.779939','2024-10-27 13:33:18.782985',8,765,0.00),(361,'unpaid','2024-10-27 13:33:18.783591','2024-10-27 13:33:18.783591',8,766,0.00),(362,'unpaid','2024-10-27 13:33:18.792626','2024-10-27 13:33:18.798644',8,767,0.00),(363,'unpaid','2024-10-27 13:33:18.801334','2024-10-27 13:33:18.801334',8,768,0.00),(364,'unpaid','2024-10-27 13:33:18.801334','2024-10-27 13:33:18.817058',8,769,0.00),(365,'unpaid','2024-10-27 13:33:18.823622','2024-10-27 13:33:18.825638',8,770,0.00),(366,'unpaid','2024-10-27 13:33:18.830621','2024-10-27 13:33:18.833963',8,771,0.00),(367,'unpaid','2024-10-27 13:33:18.839198','2024-10-27 13:33:18.842198',8,772,0.00),(368,'unpaid','2024-10-27 13:33:18.847198','2024-10-27 13:33:18.849217',8,773,0.00),(369,'unpaid','2024-10-27 13:33:18.850199','2024-10-27 13:33:18.850199',8,774,0.00),(370,'unpaid','2024-10-27 13:33:18.850199','2024-10-27 13:33:18.865898',8,775,0.00),(371,'unpaid','2024-10-27 13:33:18.867942','2024-10-27 13:33:18.867942',8,776,0.00),(372,'unpaid','2024-10-27 13:33:18.887052','2024-10-27 13:33:18.889080',8,777,0.00),(373,'unpaid','2024-10-27 13:33:18.894560','2024-10-27 13:33:18.896560',8,778,0.00),(374,'unpaid','2024-10-27 13:33:18.903434','2024-10-27 13:33:18.905434',8,779,0.00),(375,'unpaid','2024-10-27 13:33:18.910434','2024-10-27 13:33:18.912434',8,780,0.00),(376,'unpaid','2024-10-27 13:33:18.916859','2024-10-27 13:33:18.916859',8,781,0.00),(377,'unpaid','2024-10-27 13:33:18.916859','2024-10-27 13:33:18.916859',8,782,0.00),(378,'unpaid','2024-10-27 13:33:18.934843','2024-10-27 13:33:18.934843',8,783,0.00),(379,'unpaid','2024-10-27 13:33:18.934843','2024-10-27 13:33:18.934843',8,784,0.00),(380,'unpaid','2024-10-27 13:33:18.953783','2024-10-27 13:33:18.956782',8,785,0.00),(381,'unpaid','2024-10-27 13:33:18.961782','2024-10-27 13:33:18.963787',8,786,0.00),(382,'unpaid','2024-10-27 13:33:18.969753','2024-10-27 13:33:18.972920',8,787,0.00),(383,'unpaid','2024-10-27 13:33:18.977924','2024-10-27 13:33:18.979924',8,788,0.00),(384,'unpaid','2024-10-27 13:33:18.983556','2024-10-27 13:33:18.983556',8,789,0.00),(385,'unpaid','2024-10-27 13:33:18.992563','2024-10-27 13:33:18.992563',8,790,0.00),(386,'unpaid','2024-10-27 13:33:19.001275','2024-10-27 13:33:19.001275',8,791,0.00),(387,'unpaid','2024-10-27 13:33:19.001275','2024-10-27 13:33:19.001275',8,792,0.00),(388,'unpaid','2024-10-27 13:33:19.020158','2024-10-27 13:33:19.022160',8,793,0.00),(389,'unpaid','2024-10-27 13:33:19.028123','2024-10-27 13:33:19.030135',8,794,0.00),(390,'unpaid','2024-10-27 13:33:19.036853','2024-10-27 13:33:19.038851',8,795,0.00),(391,'unpaid','2024-10-27 13:33:19.043851','2024-10-27 13:33:19.045851',8,796,0.00),(392,'unpaid','2024-10-27 13:33:19.050170','2024-10-27 13:33:19.050170',8,797,0.00),(393,'unpaid','2024-10-27 13:33:19.050170','2024-10-27 13:33:19.050170',8,798,0.00),(394,'unpaid','2024-10-27 13:33:19.067907','2024-10-27 13:33:19.067907',8,799,0.00),(395,'unpaid','2024-10-27 13:33:19.067907','2024-10-27 13:33:19.067907',8,800,0.00),(396,'unpaid','2024-10-27 13:33:19.086532','2024-10-27 13:33:19.088538',8,801,0.00),(397,'unpaid','2024-10-27 13:33:19.093754','2024-10-27 13:33:19.096759',8,802,0.00),(398,'unpaid','2024-10-27 13:33:19.102904','2024-10-27 13:33:19.104469',8,803,0.00),(399,'unpaid','2024-10-27 13:33:19.110469','2024-10-27 13:33:19.112469',8,804,0.00),(400,'unpaid','2024-10-27 13:33:19.116889','2024-10-27 13:33:19.116889',8,805,0.00),(401,'unpaid','2024-10-27 13:33:19.116889','2024-10-27 13:33:19.116889',8,806,0.00),(402,'unpaid','2024-10-27 13:33:19.134674','2024-10-27 13:33:19.134674',8,807,0.00),(403,'unpaid','2024-10-27 13:33:19.134674','2024-10-27 13:33:19.134674',8,808,0.00),(404,'unpaid','2024-10-27 13:33:19.152313','2024-10-27 13:33:19.154278',8,809,0.00),(405,'unpaid','2024-10-27 13:33:19.160278','2024-10-27 13:33:19.162302',8,810,0.00),(406,'unpaid','2024-10-27 13:33:19.169027','2024-10-27 13:33:19.170819',8,811,0.00),(407,'unpaid','2024-10-27 13:33:19.176819','2024-10-27 13:33:19.178824',8,812,0.00),(408,'unpaid','2024-10-27 13:33:19.183525','2024-10-27 13:33:19.183525',8,813,0.00),(409,'unpaid','2024-10-27 13:33:19.192533','2024-10-27 13:33:19.192533',8,814,0.00),(410,'unpaid','2024-10-27 13:33:19.201282','2024-10-27 13:33:19.201282',8,815,0.00),(411,'unpaid','2024-10-27 13:33:19.201282','2024-10-27 13:33:19.201282',8,816,0.00),(412,'unpaid','2024-10-27 13:33:19.220979','2024-10-27 13:33:19.224979',8,817,0.00),(413,'unpaid','2024-10-27 13:33:19.232001','2024-10-27 13:33:19.235712',8,818,0.00),(414,'unpaid','2024-10-27 13:33:19.235712','2024-10-27 13:33:19.235712',8,819,0.00),(415,'unpaid','2024-10-27 13:33:19.254914','2024-10-27 13:33:19.257914',8,820,0.00),(416,'unpaid','2024-10-27 13:33:19.262914','2024-10-27 13:33:19.264913',8,821,0.00),(417,'unpaid','2024-10-27 13:33:19.271394','2024-10-27 13:33:19.273394',8,822,0.00),(418,'unpaid','2024-10-27 13:33:19.279399','2024-10-27 13:33:19.281399',8,823,0.00),(419,'unpaid','2024-10-27 13:33:19.283547','2024-10-27 13:33:19.283547',8,824,0.00),(420,'unpaid','2024-10-27 13:33:19.292554','2024-10-27 13:33:19.292554',8,825,0.00),(421,'unpaid','2024-10-27 13:33:19.301199','2024-10-27 13:33:19.301199',8,826,0.00),(422,'unpaid','2024-10-27 13:33:19.301199','2024-10-27 13:33:19.316204',8,827,0.00),(423,'unpaid','2024-10-27 13:33:19.321215','2024-10-27 13:33:19.324293',8,828,0.00),(424,'unpaid','2024-10-27 13:33:19.329221','2024-10-27 13:33:19.332210',8,829,0.00),(425,'unpaid','2024-10-27 13:33:19.338555','2024-10-27 13:33:19.340546',8,830,0.00),(426,'unpaid','2024-10-27 13:33:19.345641','2024-10-27 13:33:19.348683',8,831,0.00),(427,'unpaid','2024-10-27 13:33:19.350995','2024-10-27 13:33:19.359093',8,832,0.00),(428,'unpaid','2024-10-27 13:33:19.367048','2024-10-27 13:33:19.368040',8,833,0.00),(429,'unpaid','2024-10-27 13:33:19.368040','2024-10-27 13:33:19.368040',8,834,0.00),(430,'unpaid','2024-10-27 13:33:19.389645','2024-10-27 13:33:19.392650',8,835,0.00),(431,'unpaid','2024-10-27 13:33:19.398074','2024-10-27 13:33:19.400629',8,836,0.00),(432,'unpaid','2024-10-27 13:33:19.405392','2024-10-27 13:33:19.408397',8,837,0.00),(433,'unpaid','2024-10-27 13:33:19.413397','2024-10-27 13:33:19.415397',8,838,0.00),(434,'unpaid','2024-10-27 13:33:19.416865','2024-10-27 13:33:19.416865',8,839,0.00),(435,'unpaid','2024-10-27 13:33:19.416865','2024-10-27 13:33:19.432501',8,840,0.00),(436,'unpaid','2024-10-27 13:33:19.434691','2024-10-27 13:33:19.434691',8,841,0.00),(437,'unpaid','2024-10-27 13:33:19.434691','2024-10-27 13:33:19.449698',8,842,0.00),(438,'unpaid','2024-10-27 13:33:19.455138','2024-10-27 13:33:19.458178',8,843,0.00),(439,'unpaid','2024-10-27 13:33:19.463144','2024-10-27 13:33:19.466129',8,844,0.00),(440,'unpaid','2024-10-27 13:33:19.471781','2024-10-27 13:33:19.473774',8,845,0.00),(441,'unpaid','2024-10-27 13:33:19.479934','2024-10-27 13:33:19.481914',8,846,0.00),(442,'unpaid','2024-10-27 13:33:19.483601','2024-10-27 13:33:19.483601',8,847,0.00),(447,'unpaid','2024-10-28 13:38:03.197508','2024-10-28 13:38:03.200048',8,848,0.00),(448,'unpaid','2024-10-28 13:38:03.200048','2024-10-28 13:38:03.215553',8,849,0.00),(449,'unpaid','2024-10-28 13:38:03.215553','2024-10-28 13:38:03.215553',8,850,0.00);
/*!40000 ALTER TABLE `student_bill` ENABLE KEYS */;
UNLOCK TABLES;

--
-- Table structure for table `student_bill_payment`
--

DROP TABLE IF EXISTS `student_bill_payment`;
/*!40101 SET @saved_cs_client     = @@character_set_client */;
/*!50503 SET character_set_client = utf8mb4 */;
CREATE TABLE `student_bill_payment` (
  `id` bigint(20) NOT NULL AUTO_INCREMENT,
  `amount` decimal(10,2) NOT NULL,
  `created` datetime(6) NOT NULL,
  `updated` datetime(6) NOT NULL,
  `created_by_id` bigint(20) DEFAULT NULL,
  `student_bill_id` bigint(20) NOT NULL,
  `method` varchar(10) NOT NULL,
  PRIMARY KEY (`id`),
  KEY `student_bill_payment_student_bill_id_922b4cf0_fk_student_bill_id` (`student_bill_id`),
  KEY `student_bill_payment_created_by_id_6f118988_fk_user_id` (`created_by_id`),
  CONSTRAINT `student_bill_payment_created_by_id_6f118988_fk_user_id` FOREIGN KEY (`created_by_id`) REFERENCES `user` (`id`),
  CONSTRAINT `student_bill_payment_student_bill_id_922b4cf0_fk_student_bill_id` FOREIGN KEY (`student_bill_id`) REFERENCES `student_bill` (`id`)
) ENGINE=InnoDB AUTO_INCREMENT=471 DEFAULT CHARSET=latin1;
/*!40101 SET character_set_client = @saved_cs_client */;

--
-- Dumping data for table `student_bill_payment`
--

LOCK TABLES `student_bill_payment` WRITE;
/*!40000 ALTER TABLE `student_bill_payment` DISABLE KEYS */;
INSERT INTO `student_bill_payment` VALUES (225,0.00,'2024-10-27 13:33:17.384928','2024-10-27 13:33:17.384928',NULL,204,'Cash'),(226,0.00,'2024-10-27 13:33:17.401732','2024-10-27 13:33:17.401732',NULL,205,'Cash'),(227,0.00,'2024-10-27 13:33:17.401732','2024-10-27 13:33:17.401732',NULL,206,'Cash'),(228,0.00,'2024-10-27 13:33:17.418402','2024-10-27 13:33:17.418402',NULL,207,'Cash'),(229,0.00,'2024-10-27 13:33:17.418402','2024-10-27 13:33:17.418402',NULL,208,'Cash'),(230,0.00,'2024-10-27 13:33:17.434775','2024-10-27 13:33:17.434775',NULL,209,'Cash'),(231,0.00,'2024-10-27 13:33:17.450432','2024-10-27 13:33:17.450432',NULL,210,'Cash'),(232,0.00,'2024-10-27 13:33:17.451562','2024-10-27 13:33:17.451562',NULL,211,'Cash'),(233,0.00,'2024-10-27 13:33:17.468251','2024-10-27 13:33:17.468251',NULL,212,'Cash'),(234,0.00,'2024-10-27 13:33:17.468251','2024-10-27 13:33:17.468251',NULL,213,'Cash'),(235,0.00,'2024-10-27 13:33:17.485031','2024-10-27 13:33:17.485031',NULL,214,'Cash'),(236,0.00,'2024-10-27 13:33:17.492073','2024-10-27 13:33:17.492073',NULL,215,'Cash'),(237,0.00,'2024-10-27 13:33:17.501826','2024-10-27 13:33:17.501826',NULL,216,'Cash'),(238,0.00,'2024-10-27 13:33:17.517006','2024-10-27 13:33:17.517006',NULL,217,'Cash'),(239,0.00,'2024-10-27 13:33:17.518625','2024-10-27 13:33:17.518625',NULL,218,'Cash'),(240,0.00,'2024-10-27 13:33:17.535077','2024-10-27 13:33:17.535077',NULL,219,'Cash'),(241,0.00,'2024-10-27 13:33:17.535077','2024-10-27 13:33:17.535077',NULL,220,'Cash'),(242,0.00,'2024-10-27 13:33:17.551603','2024-10-27 13:33:17.551603',NULL,221,'Cash'),(243,0.00,'2024-10-27 13:33:17.551603','2024-10-27 13:33:17.551603',NULL,222,'Cash'),(244,0.00,'2024-10-27 13:33:17.568736','2024-10-27 13:33:17.568736',NULL,223,'Cash'),(245,0.00,'2024-10-27 13:33:17.568736','2024-10-27 13:33:17.568736',NULL,224,'Cash'),(246,0.00,'2024-10-27 13:33:17.585063','2024-10-27 13:33:17.585063',NULL,225,'Cash'),(247,0.00,'2024-10-27 13:33:17.592070','2024-10-27 13:33:17.592070',NULL,226,'Cash'),(248,0.00,'2024-10-27 13:33:17.601818','2024-10-27 13:33:17.601818',NULL,227,'Cash'),(249,0.00,'2024-10-27 13:33:17.617060','2024-10-27 13:33:17.617060',NULL,228,'Cash'),(250,0.00,'2024-10-27 13:33:17.618397','2024-10-27 13:33:17.618397',NULL,229,'Cash'),(251,0.00,'2024-10-27 13:33:17.634877','2024-10-27 13:33:17.634877',NULL,230,'Cash'),(252,0.00,'2024-10-27 13:33:17.634877','2024-10-27 13:33:17.634877',NULL,231,'Cash'),(253,0.00,'2024-10-27 13:33:17.651655','2024-10-27 13:33:17.651655',NULL,232,'Cash'),(254,0.00,'2024-10-27 13:33:17.651655','2024-10-27 13:33:17.651655',NULL,233,'Cash'),(255,0.00,'2024-10-27 13:33:17.668287','2024-10-27 13:33:17.668287',NULL,234,'Cash'),(256,0.00,'2024-10-27 13:33:17.668287','2024-10-27 13:33:17.668287',NULL,235,'Cash'),(257,0.00,'2024-10-27 13:33:17.691045','2024-10-27 13:33:17.691045',NULL,236,'Cash'),(258,0.00,'2024-10-27 13:33:17.698752','2024-10-27 13:33:17.698752',NULL,237,'Cash'),(259,0.00,'2024-10-27 13:33:17.701551','2024-10-27 13:33:17.701551',NULL,238,'Cash'),(260,0.00,'2024-10-27 13:33:17.701551','2024-10-27 13:33:17.701551',NULL,239,'Cash'),(261,0.00,'2024-10-27 13:33:17.718424','2024-10-27 13:33:17.718424',NULL,240,'Cash'),(262,0.00,'2024-10-27 13:33:17.718424','2024-10-27 13:33:17.718424',NULL,241,'Cash'),(263,0.00,'2024-10-27 13:33:17.734848','2024-10-27 13:33:17.734848',NULL,242,'Cash'),(264,0.00,'2024-10-27 13:33:17.752393','2024-10-27 13:33:17.752393',NULL,243,'Cash'),(265,0.00,'2024-10-27 13:33:17.761161','2024-10-27 13:33:17.761161',NULL,244,'Cash'),(266,0.00,'2024-10-27 13:33:17.768300','2024-10-27 13:33:17.768300',NULL,245,'Cash'),(267,0.00,'2024-10-27 13:33:17.768300','2024-10-27 13:33:17.768300',NULL,246,'Cash'),(268,0.00,'2024-10-27 13:33:17.785150','2024-10-27 13:33:17.785150',NULL,247,'Cash'),(269,0.00,'2024-10-27 13:33:17.792158','2024-10-27 13:33:17.792158',NULL,248,'Cash'),(270,0.00,'2024-10-27 13:33:17.801599','2024-10-27 13:33:17.801599',NULL,249,'Cash'),(271,0.00,'2024-10-27 13:33:17.801599','2024-10-27 13:33:17.801599',NULL,250,'Cash'),(272,0.00,'2024-10-27 13:33:17.823255','2024-10-27 13:33:17.823255',NULL,251,'Cash'),(273,0.00,'2024-10-27 13:33:17.830560','2024-10-27 13:33:17.830560',NULL,252,'Cash'),(274,0.00,'2024-10-27 13:33:17.834943','2024-10-27 13:33:17.834943',NULL,253,'Cash'),(275,0.00,'2024-10-27 13:33:17.834943','2024-10-27 13:33:17.834943',NULL,254,'Cash'),(276,0.00,'2024-10-27 13:33:17.851446','2024-10-27 13:33:17.851446',NULL,255,'Cash'),(277,0.00,'2024-10-27 13:33:17.851446','2024-10-27 13:33:17.851446',NULL,256,'Cash'),(278,0.00,'2024-10-27 13:33:17.868381','2024-10-27 13:33:17.868381',NULL,257,'Cash'),(279,0.00,'2024-10-27 13:33:17.868381','2024-10-27 13:33:17.868381',NULL,258,'Cash'),(280,0.00,'2024-10-27 13:33:17.892382','2024-10-27 13:33:17.892382',NULL,259,'Cash'),(281,0.00,'2024-10-27 13:33:17.900389','2024-10-27 13:33:17.900389',NULL,260,'Cash'),(282,0.00,'2024-10-27 13:33:17.901698','2024-10-27 13:33:17.901698',NULL,261,'Cash'),(283,0.00,'2024-10-27 13:33:17.918318','2024-10-27 13:33:17.918318',NULL,262,'Cash'),(284,0.00,'2024-10-27 13:33:17.918318','2024-10-27 13:33:17.918318',NULL,263,'Cash'),(285,0.00,'2024-10-27 13:33:17.935026','2024-10-27 13:33:17.935026',NULL,264,'Cash'),(286,0.00,'2024-10-27 13:33:17.935026','2024-10-27 13:33:17.935026',NULL,265,'Cash'),(287,0.00,'2024-10-27 13:33:17.955505','2024-10-27 13:33:17.955505',NULL,266,'Cash'),(288,0.00,'2024-10-27 13:33:17.964503','2024-10-27 13:33:17.964503',NULL,267,'Cash'),(289,0.00,'2024-10-27 13:33:17.968486','2024-10-27 13:33:17.968486',NULL,268,'Cash'),(290,0.00,'2024-10-27 13:33:17.968486','2024-10-27 13:33:17.968486',NULL,269,'Cash'),(291,0.00,'2024-10-27 13:33:17.984950','2024-10-27 13:33:17.984950',NULL,270,'Cash'),(292,0.00,'2024-10-27 13:33:17.992456','2024-10-27 13:33:17.992456',NULL,271,'Cash'),(293,0.00,'2024-10-27 13:33:18.001636','2024-10-27 13:33:18.001636',NULL,272,'Cash'),(294,0.00,'2024-10-27 13:33:18.001636','2024-10-27 13:33:18.001636',NULL,273,'Cash'),(295,0.00,'2024-10-27 13:33:18.024901','2024-10-27 13:33:18.024901',NULL,274,'Cash'),(296,0.00,'2024-10-27 13:33:18.032875','2024-10-27 13:33:18.032875',NULL,275,'Cash'),(297,0.00,'2024-10-27 13:33:18.035000','2024-10-27 13:33:18.035000',NULL,276,'Cash'),(298,0.00,'2024-10-27 13:33:18.050317','2024-10-27 13:33:18.050317',NULL,277,'Cash'),(299,0.00,'2024-10-27 13:33:18.051600','2024-10-27 13:33:18.051600',NULL,278,'Cash'),(300,0.00,'2024-10-27 13:33:18.068331','2024-10-27 13:33:18.068331',NULL,279,'Cash'),(301,0.00,'2024-10-27 13:33:18.068331','2024-10-27 13:33:18.068331',NULL,280,'Cash'),(302,0.00,'2024-10-27 13:33:18.084901','2024-10-27 13:33:18.084901',NULL,281,'Cash'),(303,0.00,'2024-10-27 13:33:18.093507','2024-10-27 13:33:18.093507',NULL,282,'Cash'),(304,0.00,'2024-10-27 13:33:18.101844','2024-10-27 13:33:18.101844',NULL,283,'Cash'),(305,0.00,'2024-10-27 13:33:18.101844','2024-10-27 13:33:18.101844',NULL,284,'Cash'),(306,0.00,'2024-10-27 13:33:18.118262','2024-10-27 13:33:18.118262',NULL,285,'Cash'),(307,0.00,'2024-10-27 13:33:18.118262','2024-10-27 13:33:18.118262',NULL,286,'Cash'),(308,0.00,'2024-10-27 13:33:18.134940','2024-10-27 13:33:18.134940',NULL,287,'Cash'),(309,0.00,'2024-10-27 13:33:18.134940','2024-10-27 13:33:18.134940',NULL,288,'Cash'),(310,0.00,'2024-10-27 13:33:18.154619','2024-10-27 13:33:18.154619',NULL,289,'Cash'),(311,0.00,'2024-10-27 13:33:18.163554','2024-10-27 13:33:18.163554',NULL,290,'Cash'),(312,0.00,'2024-10-27 13:33:18.168206','2024-10-27 13:33:18.168206',NULL,291,'Cash'),(313,0.00,'2024-10-27 13:33:18.168206','2024-10-27 13:33:18.168206',NULL,292,'Cash'),(314,0.00,'2024-10-27 13:33:18.184805','2024-10-27 13:33:18.184805',NULL,293,'Cash'),(315,0.00,'2024-10-27 13:33:18.192342','2024-10-27 13:33:18.192342',NULL,294,'Cash'),(316,0.00,'2024-10-27 13:33:18.201331','2024-10-27 13:33:18.201331',NULL,295,'Cash'),(317,0.00,'2024-10-27 13:33:18.201331','2024-10-27 13:33:18.201331',NULL,296,'Cash'),(318,0.00,'2024-10-27 13:33:18.223880','2024-10-27 13:33:18.223880',NULL,297,'Cash'),(319,0.00,'2024-10-27 13:33:18.231879','2024-10-27 13:33:18.231879',NULL,298,'Cash'),(320,0.00,'2024-10-27 13:33:18.240434','2024-10-27 13:33:18.240434',NULL,299,'Cash'),(321,0.00,'2024-10-27 13:33:18.248435','2024-10-27 13:33:18.248435',NULL,300,'Cash'),(322,0.00,'2024-10-27 13:33:18.257335','2024-10-27 13:33:18.257335',NULL,301,'Cash'),(323,0.00,'2024-10-27 13:33:18.265334','2024-10-27 13:33:18.265334',NULL,302,'Cash'),(324,0.00,'2024-10-27 13:33:18.268069','2024-10-27 13:33:18.268069',NULL,303,'Cash'),(325,0.00,'2024-10-27 13:33:18.268069','2024-10-27 13:33:18.268069',NULL,304,'Cash'),(326,0.00,'2024-10-27 13:33:18.290324','2024-10-27 13:33:18.290324',NULL,305,'Cash'),(327,0.00,'2024-10-27 13:33:18.298535','2024-10-27 13:33:18.298535',NULL,306,'Cash'),(328,0.00,'2024-10-27 13:33:18.307007','2024-10-27 13:33:18.307007',NULL,307,'Cash'),(329,0.00,'2024-10-27 13:33:18.314015','2024-10-27 13:33:18.314015',NULL,308,'Cash'),(330,0.00,'2024-10-27 13:33:18.323155','2024-10-27 13:33:18.323155',NULL,309,'Cash'),(331,0.00,'2024-10-27 13:33:18.332631','2024-10-27 13:33:18.332631',NULL,310,'Cash'),(332,0.00,'2024-10-27 13:33:18.334740','2024-10-27 13:33:18.334740',NULL,311,'Cash'),(333,0.00,'2024-10-27 13:33:18.357512','2024-10-27 13:33:18.357512',NULL,312,'Cash'),(334,0.00,'2024-10-27 13:33:18.365959','2024-10-27 13:33:18.365959',NULL,313,'Cash'),(335,0.00,'2024-10-27 13:33:18.375250','2024-10-27 13:33:18.375250',NULL,314,'Cash'),(336,0.00,'2024-10-27 13:33:18.382469','2024-10-27 13:33:18.382469',NULL,315,'Cash'),(337,0.00,'2024-10-27 13:33:18.392601','2024-10-27 13:33:18.392601',NULL,316,'Cash'),(338,0.00,'2024-10-27 13:33:18.401373','2024-10-27 13:33:18.401373',NULL,317,'Cash'),(339,0.00,'2024-10-27 13:33:18.401373','2024-10-27 13:33:18.401373',NULL,318,'Cash'),(340,0.00,'2024-10-27 13:33:18.418167','2024-10-27 13:33:18.418167',NULL,319,'Cash'),(341,0.00,'2024-10-27 13:33:18.425711','2024-10-27 13:33:18.425711',NULL,320,'Cash'),(342,0.00,'2024-10-27 13:33:18.434050','2024-10-27 13:33:18.434050',NULL,321,'Cash'),(343,0.00,'2024-10-27 13:33:18.441956','2024-10-27 13:33:18.441956',NULL,322,'Cash'),(344,0.00,'2024-10-27 13:33:18.450216','2024-10-27 13:33:18.450216',NULL,323,'Cash'),(345,0.00,'2024-10-27 13:33:18.450216','2024-10-27 13:33:18.450216',NULL,324,'Cash'),(346,0.00,'2024-10-27 13:33:18.467154','2024-10-27 13:33:18.467154',NULL,325,'Cash'),(347,0.00,'2024-10-27 13:33:18.468005','2024-10-27 13:33:18.468005',NULL,326,'Cash'),(348,0.00,'2024-10-27 13:33:18.484211','2024-10-27 13:33:18.484211',NULL,327,'Cash'),(349,0.00,'2024-10-27 13:33:18.492444','2024-10-27 13:33:18.492444',NULL,328,'Cash'),(350,0.00,'2024-10-27 13:33:18.499448','2024-10-27 13:33:18.499448',NULL,329,'Cash'),(351,0.00,'2024-10-27 13:33:18.507891','2024-10-27 13:33:18.507891',NULL,330,'Cash'),(352,0.00,'2024-10-27 13:33:18.516891','2024-10-27 13:33:18.516891',NULL,331,'Cash'),(353,0.00,'2024-10-27 13:33:18.516891','2024-10-27 13:33:18.516891',NULL,332,'Cash'),(354,0.00,'2024-10-27 13:33:18.534574','2024-10-27 13:33:18.534574',NULL,333,'Cash'),(355,0.00,'2024-10-27 13:33:18.534574','2024-10-27 13:33:18.534574',NULL,334,'Cash'),(356,0.00,'2024-10-27 13:33:18.552390','2024-10-27 13:33:18.552390',NULL,335,'Cash'),(357,0.00,'2024-10-27 13:33:18.559718','2024-10-27 13:33:18.559718',NULL,336,'Cash'),(358,0.00,'2024-10-27 13:33:18.569860','2024-10-27 13:33:18.569860',NULL,337,'Cash'),(359,0.00,'2024-10-27 13:33:18.580869','2024-10-27 13:33:18.580869',NULL,338,'Cash'),(360,0.00,'2024-10-27 13:33:18.592534','2024-10-27 13:33:18.592534',NULL,339,'Cash'),(361,0.00,'2024-10-27 13:33:18.601346','2024-10-27 13:33:18.601346',NULL,340,'Cash'),(362,0.00,'2024-10-27 13:33:18.601346','2024-10-27 13:33:18.601346',NULL,341,'Cash'),(363,0.00,'2024-10-27 13:33:18.628707','2024-10-27 13:33:18.628707',NULL,342,'Cash'),(364,0.00,'2024-10-27 13:33:18.638603','2024-10-27 13:33:18.638603',NULL,343,'Cash'),(365,0.00,'2024-10-27 13:33:18.646603','2024-10-27 13:33:18.646603',NULL,344,'Cash'),(366,0.00,'2024-10-27 13:33:18.650208','2024-10-27 13:33:18.650208',NULL,345,'Cash'),(367,0.00,'2024-10-27 13:33:18.650208','2024-10-27 13:33:18.650208',NULL,346,'Cash'),(368,0.00,'2024-10-27 13:33:18.667921','2024-10-27 13:33:18.667921',NULL,347,'Cash'),(369,0.00,'2024-10-27 13:33:18.667921','2024-10-27 13:33:18.667921',NULL,348,'Cash'),(370,0.00,'2024-10-27 13:33:18.690495','2024-10-27 13:33:18.690495',NULL,349,'Cash'),(371,0.00,'2024-10-27 13:33:18.697255','2024-10-27 13:33:18.697255',NULL,350,'Cash'),(372,0.00,'2024-10-27 13:33:18.707083','2024-10-27 13:33:18.707083',NULL,351,'Cash'),(373,0.00,'2024-10-27 13:33:18.714084','2024-10-27 13:33:18.714084',NULL,352,'Cash'),(374,0.00,'2024-10-27 13:33:18.716916','2024-10-27 13:33:18.716916',NULL,353,'Cash'),(375,0.00,'2024-10-27 13:33:18.716916','2024-10-27 13:33:18.716916',NULL,354,'Cash'),(376,0.00,'2024-10-27 13:33:18.734760','2024-10-27 13:33:18.734760',NULL,355,'Cash'),(377,0.00,'2024-10-27 13:33:18.734760','2024-10-27 13:33:18.734760',NULL,356,'Cash'),(378,0.00,'2024-10-27 13:33:18.756167','2024-10-27 13:33:18.756167',NULL,357,'Cash'),(379,0.00,'2024-10-27 13:33:18.764166','2024-10-27 13:33:18.764166',NULL,358,'Cash'),(380,0.00,'2024-10-27 13:33:18.772909','2024-10-27 13:33:18.772909',NULL,359,'Cash'),(381,0.00,'2024-10-27 13:33:18.781019','2024-10-27 13:33:18.781019',NULL,360,'Cash'),(382,0.00,'2024-10-27 13:33:18.783591','2024-10-27 13:33:18.783591',NULL,361,'Cash'),(383,0.00,'2024-10-27 13:33:18.792626','2024-10-27 13:33:18.792626',NULL,362,'Cash'),(384,0.00,'2024-10-27 13:33:18.801334','2024-10-27 13:33:18.801334',NULL,363,'Cash'),(385,0.00,'2024-10-27 13:33:18.801334','2024-10-27 13:33:18.801334',NULL,364,'Cash'),(386,0.00,'2024-10-27 13:33:18.823622','2024-10-27 13:33:18.823622',NULL,365,'Cash'),(387,0.00,'2024-10-27 13:33:18.831621','2024-10-27 13:33:18.831621',NULL,366,'Cash'),(388,0.00,'2024-10-27 13:33:18.840198','2024-10-27 13:33:18.840198',NULL,367,'Cash'),(389,0.00,'2024-10-27 13:33:18.847198','2024-10-27 13:33:18.847198',NULL,368,'Cash'),(390,0.00,'2024-10-27 13:33:18.850199','2024-10-27 13:33:18.850199',NULL,369,'Cash'),(391,0.00,'2024-10-27 13:33:18.850199','2024-10-27 13:33:18.850199',NULL,370,'Cash'),(392,0.00,'2024-10-27 13:33:18.867942','2024-10-27 13:33:18.867942',NULL,371,'Cash'),(393,0.00,'2024-10-27 13:33:18.887052','2024-10-27 13:33:18.887052',NULL,372,'Cash'),(394,0.00,'2024-10-27 13:33:18.895559','2024-10-27 13:33:18.895559',NULL,373,'Cash'),(395,0.00,'2024-10-27 13:33:18.903434','2024-10-27 13:33:18.903434',NULL,374,'Cash'),(396,0.00,'2024-10-27 13:33:18.911434','2024-10-27 13:33:18.911434',NULL,375,'Cash'),(397,0.00,'2024-10-27 13:33:18.916859','2024-10-27 13:33:18.916859',NULL,376,'Cash'),(398,0.00,'2024-10-27 13:33:18.916859','2024-10-27 13:33:18.916859',NULL,377,'Cash'),(399,0.00,'2024-10-27 13:33:18.934843','2024-10-27 13:33:18.934843',NULL,378,'Cash'),(400,0.00,'2024-10-27 13:33:18.934843','2024-10-27 13:33:18.934843',NULL,379,'Cash'),(401,0.00,'2024-10-27 13:33:18.954782','2024-10-27 13:33:18.954782',NULL,380,'Cash'),(402,0.00,'2024-10-27 13:33:18.961782','2024-10-27 13:33:18.961782',NULL,381,'Cash'),(403,0.00,'2024-10-27 13:33:18.970915','2024-10-27 13:33:18.970915',NULL,382,'Cash'),(404,0.00,'2024-10-27 13:33:18.978924','2024-10-27 13:33:18.978924',NULL,383,'Cash'),(405,0.00,'2024-10-27 13:33:18.983556','2024-10-27 13:33:18.983556',NULL,384,'Cash'),(406,0.00,'2024-10-27 13:33:18.992563','2024-10-27 13:33:18.992563',NULL,385,'Cash'),(407,0.00,'2024-10-27 13:33:19.001275','2024-10-27 13:33:19.001275',NULL,386,'Cash'),(408,0.00,'2024-10-27 13:33:19.001275','2024-10-27 13:33:19.001275',NULL,387,'Cash'),(409,0.00,'2024-10-27 13:33:19.021051','2024-10-27 13:33:19.021051',NULL,388,'Cash'),(410,0.00,'2024-10-27 13:33:19.028123','2024-10-27 13:33:19.028123',NULL,389,'Cash'),(411,0.00,'2024-10-27 13:33:19.036853','2024-10-27 13:33:19.036853',NULL,390,'Cash'),(412,0.00,'2024-10-27 13:33:19.044851','2024-10-27 13:33:19.044851',NULL,391,'Cash'),(413,0.00,'2024-10-27 13:33:19.050170','2024-10-27 13:33:19.050170',NULL,392,'Cash'),(414,0.00,'2024-10-27 13:33:19.050170','2024-10-27 13:33:19.050170',NULL,393,'Cash'),(415,0.00,'2024-10-27 13:33:19.067907','2024-10-27 13:33:19.067907',NULL,394,'Cash'),(416,0.00,'2024-10-27 13:33:19.067907','2024-10-27 13:33:19.067907',NULL,395,'Cash'),(417,0.00,'2024-10-27 13:33:19.086532','2024-10-27 13:33:19.086532',NULL,396,'Cash'),(418,0.00,'2024-10-27 13:33:19.094665','2024-10-27 13:33:19.094665',NULL,397,'Cash'),(419,0.00,'2024-10-27 13:33:19.103464','2024-10-27 13:33:19.103464',NULL,398,'Cash'),(420,0.00,'2024-10-27 13:33:19.111469','2024-10-27 13:33:19.111469',NULL,399,'Cash'),(421,0.00,'2024-10-27 13:33:19.116889','2024-10-27 13:33:19.116889',NULL,400,'Cash'),(422,0.00,'2024-10-27 13:33:19.116889','2024-10-27 13:33:19.116889',NULL,401,'Cash'),(423,0.00,'2024-10-27 13:33:19.134674','2024-10-27 13:33:19.134674',NULL,402,'Cash'),(424,0.00,'2024-10-27 13:33:19.134674','2024-10-27 13:33:19.134674',NULL,403,'Cash'),(425,0.00,'2024-10-27 13:33:19.153279','2024-10-27 13:33:19.153279',NULL,404,'Cash'),(426,0.00,'2024-10-27 13:33:19.160278','2024-10-27 13:33:19.160278',NULL,405,'Cash'),(427,0.00,'2024-10-27 13:33:19.169519','2024-10-27 13:33:19.169519',NULL,406,'Cash'),(428,0.00,'2024-10-27 13:33:19.176819','2024-10-27 13:33:19.176819',NULL,407,'Cash'),(429,0.00,'2024-10-27 13:33:19.183525','2024-10-27 13:33:19.183525',NULL,408,'Cash'),(430,0.00,'2024-10-27 13:33:19.192533','2024-10-27 13:33:19.192533',NULL,409,'Cash'),(431,0.00,'2024-10-27 13:33:19.201282','2024-10-27 13:33:19.201282',NULL,410,'Cash'),(432,0.00,'2024-10-27 13:33:19.201282','2024-10-27 13:33:19.201282',NULL,411,'Cash'),(433,0.00,'2024-10-27 13:33:19.221978','2024-10-27 13:33:19.221978',NULL,412,'Cash'),(434,0.00,'2024-10-27 13:33:19.234628','2024-10-27 13:33:19.234628',NULL,413,'Cash'),(435,0.00,'2024-10-27 13:33:19.235712','2024-10-27 13:33:19.235712',NULL,414,'Cash'),(436,0.00,'2024-10-27 13:33:19.255914','2024-10-27 13:33:19.255914',NULL,415,'Cash'),(437,0.00,'2024-10-27 13:33:19.263914','2024-10-27 13:33:19.263914',NULL,416,'Cash'),(438,0.00,'2024-10-27 13:33:19.272394','2024-10-27 13:33:19.272394',NULL,417,'Cash'),(439,0.00,'2024-10-27 13:33:19.279399','2024-10-27 13:33:19.279399',NULL,418,'Cash'),(440,0.00,'2024-10-27 13:33:19.283547','2024-10-27 13:33:19.283547',NULL,419,'Cash'),(441,0.00,'2024-10-27 13:33:19.292554','2024-10-27 13:33:19.292554',NULL,420,'Cash'),(442,0.00,'2024-10-27 13:33:19.301199','2024-10-27 13:33:19.301199',NULL,421,'Cash'),(443,0.00,'2024-10-27 13:33:19.301199','2024-10-27 13:33:19.301199',NULL,422,'Cash'),(444,0.00,'2024-10-27 13:33:19.322294','2024-10-27 13:33:19.322294',NULL,423,'Cash'),(445,0.00,'2024-10-27 13:33:19.330206','2024-10-27 13:33:19.330206',NULL,424,'Cash'),(446,0.00,'2024-10-27 13:33:19.338555','2024-10-27 13:33:19.338555',NULL,425,'Cash'),(447,0.00,'2024-10-27 13:33:19.346684','2024-10-27 13:33:19.346684',NULL,426,'Cash'),(448,0.00,'2024-10-27 13:33:19.350995','2024-10-27 13:33:19.350995',NULL,427,'Cash'),(449,0.00,'2024-10-27 13:33:19.368040','2024-10-27 13:33:19.368040',NULL,428,'Cash'),(450,0.00,'2024-10-27 13:33:19.368040','2024-10-27 13:33:19.368040',NULL,429,'Cash'),(451,0.00,'2024-10-27 13:33:19.390592','2024-10-27 13:33:19.390592',NULL,430,'Cash'),(452,0.00,'2024-10-27 13:33:19.398074','2024-10-27 13:33:19.398074',NULL,431,'Cash'),(453,0.00,'2024-10-27 13:33:19.406398','2024-10-27 13:33:19.406398',NULL,432,'Cash'),(454,0.00,'2024-10-27 13:33:19.414396','2024-10-27 13:33:19.414396',NULL,433,'Cash'),(455,0.00,'2024-10-27 13:33:19.416865','2024-10-27 13:33:19.416865',NULL,434,'Cash'),(456,0.00,'2024-10-27 13:33:19.416865','2024-10-27 13:33:19.416865',NULL,435,'Cash'),(457,0.00,'2024-10-27 13:33:19.434691','2024-10-27 13:33:19.434691',NULL,436,'Cash'),(458,0.00,'2024-10-27 13:33:19.434691','2024-10-27 13:33:19.434691',NULL,437,'Cash'),(459,0.00,'2024-10-27 13:33:19.456182','2024-10-27 13:33:19.456182',NULL,438,'Cash'),(460,0.00,'2024-10-27 13:33:19.464108','2024-10-27 13:33:19.464108',NULL,439,'Cash'),(461,0.00,'2024-10-27 13:33:19.472737','2024-10-27 13:33:19.472737',NULL,440,'Cash'),(462,0.00,'2024-10-27 13:33:19.479934','2024-10-27 13:33:19.479934',NULL,441,'Cash'),(463,0.00,'2024-10-27 13:33:19.483601','2024-10-27 13:33:19.483601',NULL,442,'Cash'),(467,0.00,'2024-10-28 13:38:03.199529','2024-10-28 13:38:03.199529',NULL,447,'Cash'),(468,0.00,'2024-10-28 13:38:03.200048','2024-10-28 13:38:03.200048',NULL,448,'Cash'),(469,0.00,'2024-10-28 13:38:03.215553','2024-10-28 13:38:03.215553',NULL,449,'Cash'),(470,100.00,'2024-10-28 15:58:58.813541','2024-10-28 15:58:58.813541',NULL,335,'Cash');
/*!40000 ALTER TABLE `student_bill_payment` ENABLE KEYS */;
UNLOCK TABLES;

--
-- Table structure for table `student_committee`
--

DROP TABLE IF EXISTS `student_committee`;
/*!40101 SET @saved_cs_client     = @@character_set_client */;
/*!50503 SET character_set_client = utf8mb4 */;
CREATE TABLE `student_committee` (
  `id` bigint(20) NOT NULL AUTO_INCREMENT,
  `is_active` tinyint(1) NOT NULL,
  `created` datetime(6) NOT NULL,
  `updated` datetime(6) NOT NULL,
  `committee_id` bigint(20) NOT NULL,
  `student_id` bigint(20) NOT NULL,
  PRIMARY KEY (`id`),
  UNIQUE KEY `student_committee_student_id_committee_id_74fe2b2d_uniq` (`student_id`,`committee_id`),
  KEY `student_committee_committee_id_5cec3841_fk_committee_id` (`committee_id`),
  CONSTRAINT `student_committee_committee_id_5cec3841_fk_committee_id` FOREIGN KEY (`committee_id`) REFERENCES `committee` (`id`),
  CONSTRAINT `student_committee_student_id_7957cc75_fk_student_id` FOREIGN KEY (`student_id`) REFERENCES `student` (`id`)
) ENGINE=InnoDB DEFAULT CHARSET=latin1;
/*!40101 SET character_set_client = @saved_cs_client */;

--
-- Dumping data for table `student_committee`
--

LOCK TABLES `student_committee` WRITE;
/*!40000 ALTER TABLE `student_committee` DISABLE KEYS */;
/*!40000 ALTER TABLE `student_committee` ENABLE KEYS */;
UNLOCK TABLES;

--
-- Table structure for table `unit`
--

DROP TABLE IF EXISTS `unit`;
/*!40101 SET @saved_cs_client     = @@character_set_client */;
/*!50503 SET character_set_client = utf8mb4 */;
CREATE TABLE `unit` (
  `id` bigint(20) NOT NULL AUTO_INCREMENT,
  `name` varchar(100) NOT NULL,
  `abb` varchar(20) NOT NULL,
  `created` datetime(6) NOT NULL,
  `updated` datetime(6) NOT NULL,
  PRIMARY KEY (`id`),
  UNIQUE KEY `name` (`name`),
  UNIQUE KEY `unit_name_abb_25f75dba_uniq` (`name`,`abb`)
) ENGINE=InnoDB AUTO_INCREMENT=6 DEFAULT CHARSET=latin1;
/*!40101 SET character_set_client = @saved_cs_client */;

--
-- Dumping data for table `unit`
--

LOCK TABLES `unit` WRITE;
/*!40000 ALTER TABLE `unit` DISABLE KEYS */;
INSERT INTO `unit` VALUES (1,'faculty of science and technology','FST','2024-10-22 15:30:51.000000','2024-10-22 15:55:54.750281'),(2,'FACULTY OF LAW','LLB','2024-10-22 15:30:51.000000','2024-10-22 15:30:51.000000'),(3,'FACULTY OF SOCIAL SCIENCE','FSS','2024-10-22 15:30:51.000000','2024-10-22 15:30:51.000000'),(4,'SCHOOL OF BUSINESS','SOB','2024-10-22 15:30:51.000000','2024-10-22 15:30:51.000000'),(5,'SCOOL OF PUBLIC ADMINISTRATION AND MANAGEMENT','SOPAM','2024-10-22 15:30:51.000000','2024-10-22 15:30:51.000000');
/*!40000 ALTER TABLE `unit` ENABLE KEYS */;
UNLOCK TABLES;

--
-- Table structure for table `user`
--

DROP TABLE IF EXISTS `user`;
/*!40101 SET @saved_cs_client     = @@character_set_client */;
/*!50503 SET character_set_client = utf8mb4 */;
CREATE TABLE `user` (
  `id` bigint(20) NOT NULL AUTO_INCREMENT,
  `password` varchar(128) NOT NULL,
  `last_login` datetime(6) DEFAULT NULL,
  `username` varchar(150) NOT NULL,
  `date_joined` datetime(6) NOT NULL,
  `first_name` varchar(100) DEFAULT NULL,
  `middle_name` varchar(100) NOT NULL,
  `last_name` varchar(100) DEFAULT NULL,
  `sex` varchar(1) DEFAULT NULL,
  `phone` varchar(17) NOT NULL,
  `email` varchar(255) DEFAULT NULL,
  `profile` varchar(100) NOT NULL,
  `is_active` tinyint(1) NOT NULL,
  `is_staff` tinyint(1) NOT NULL,
  `is_superuser` tinyint(1) NOT NULL,
  PRIMARY KEY (`id`),
  UNIQUE KEY `username` (`username`)
) ENGINE=InnoDB AUTO_INCREMENT=249 DEFAULT CHARSET=latin1;
/*!40101 SET character_set_client = @saved_cs_client */;

--
-- Dumping data for table `user`
--

LOCK TABLES `user` WRITE;
/*!40000 ALTER TABLE `user` DISABLE KEYS */;
INSERT INTO `user` VALUES (2,'pbkdf2_sha256$320000$skqwPJXXdF5Xig2y4jGaOV$mLZTaSdN/+PFnJe3UFN8LCurgVcmfXEE6ms2HiOmNc8=','2024-10-28 13:09:32.807595','frank','2024-10-22 16:37:08.399688','Lugano','Emmanuel','Mwakapuku','M','0762506012','luggiestar@gmail.com','',1,1,1),(4,'',NULL,'rahel.urio','2024-10-27 13:33:17.372106','RAHEL','','URIO','F','745354119','rahel.urio2024@uscfmzumbe.ac.tz','',1,0,0),(6,'',NULL,'janeth.lukindo','2024-10-27 13:33:17.391964','JANETH','','LUKINDO','F','692298500','janeth.lukindo2024@uscfmzumbe.ac.tz','',1,0,0),(7,'',NULL,'hapiness.nyombe','2024-10-27 13:33:17.401732','HAPINESS','','NYOMBE','F','741447424','hapiness.nyombe2024@uscfmzumbe.ac.tz','',1,0,0),(8,'',NULL,'robert.gwamaka','2024-10-27 13:33:17.418402','ROBERT','','GWAMAKA','M','766046886','robert.gwamaka2024@uscfmzumbe.ac.tz','',1,0,0),(9,'',NULL,'janeth.kafti','2024-10-27 13:33:17.418402','JANETH','','KAFTI','F','742888823','janeth.kafti2024@uscfmzumbe.ac.tz','',1,0,0),(10,'',NULL,'hynacy.charles','2024-10-27 13:33:17.434775','HYNACY','','CHARLES','F','652802687','hynacy.charles2024@uscfmzumbe.ac.tz','',1,0,0),(11,'',NULL,'david.humphrey','2024-10-27 13:33:17.434775','DAVID','','HUMPHREY','M','759619917','david.humphrey2024@uscfmzumbe.ac.tz','',1,0,0),(12,'',NULL,'faraja.gabriel','2024-10-27 13:33:17.451562','FARAJA','','GABRIEL','F','700000001','faraja.gabriel2024@uscfmzumbe.ac.tz','',1,0,0),(13,'',NULL,'amon.daniel','2024-10-27 13:33:17.451562','AMON','','DANIEL','M','623552399','amon.daniel2024@uscfmzumbe.ac.tz','',1,0,0),(14,'',NULL,'ronald.mlay','2024-10-27 13:33:17.468251','RONALD','','MLAY','M','657323191','ronald.mlay2024@uscfmzumbe.ac.tz','',1,0,0),(15,'',NULL,'isaya.lewis','2024-10-27 13:33:17.468251','ISAYA','','LEWIS','M','694723987','isaya.lewis2024@uscfmzumbe.ac.tz','',1,0,0),(16,'',NULL,'shakila.bryson','2024-10-27 13:33:17.492073','SHAKILA','','BRYSON','F','654253592','shakila.bryson2024@uscfmzumbe.ac.tz','',1,0,0),(17,'',NULL,'julius.gumbo','2024-10-27 13:33:17.501826','JULIUS','','GUMBO','M','629361607','julius.gumbo2024@uscfmzumbe.ac.tz','',1,0,0),(18,'',NULL,'neema.joseph','2024-10-27 13:33:17.501826','NEEMA','','JOSEPH','F','654280614','neema.joseph2024@uscfmzumbe.ac.tz','',1,0,0),(19,'',NULL,'bright.samwel','2024-10-27 13:33:17.518625','BRIGHT','','SAMWEL','M','682615209','bright.samwel2024@uscfmzumbe.ac.tz','',1,0,0),(20,'',NULL,'seth.machemba','2024-10-27 13:33:17.518625','SETH','','MACHEMBA','M','758256774','seth.machemba2024@uscfmzumbe.ac.tz','',1,0,0),(21,'',NULL,'kerry.felix','2024-10-27 13:33:17.535077','KERRY','','FELIX','M','750124519','kerry.felix2024@uscfmzumbe.ac.tz','',1,0,0),(22,'',NULL,'nestory.nyaluke','2024-10-27 13:33:17.551603','NESTORY','','NYALUKE','M','768315595','nestory.nyaluke2024@uscfmzumbe.ac.tz','',1,0,0),(23,'',NULL,'tumaini.mollel','2024-10-27 13:33:17.551603','TUMAINI','','MOLLEL','F','786910648','tumaini.mollel2024@uscfmzumbe.ac.tz','',1,0,0),(24,'',NULL,'magembe.richard','2024-10-27 13:33:17.568736','MAGEMBE','','RICHARD','M','679940764','magembe.richard2024@uscfmzumbe.ac.tz','',1,0,0),(25,'',NULL,'peter.chimola','2024-10-27 13:33:17.568736','PETER','YONA','CHIMOLA','M','784370731','peter.chimola2024@uscfmzumbe.ac.tz','',1,0,0),(26,'',NULL,'nobert.boniface','2024-10-27 13:33:17.585063','NOBERT','','BONIFACE','M','674597484','nobert.boniface2024@uscfmzumbe.ac.tz','',1,0,0),(27,'',NULL,'jane.justine','2024-10-27 13:33:17.592070','JANE','','JUSTINE','F','744542745','jane.justine2024@uscfmzumbe.ac.tz','',1,0,0),(28,'',NULL,'janeth.fundisha','2024-10-27 13:33:17.601818','JANETH','','FUNDISHA','F','778571331','janeth.fundisha2024@uscfmzumbe.ac.tz','',1,0,0),(29,'',NULL,'jessca.gideon','2024-10-27 13:33:17.601818','JESSCA','','GIDEON','F','778380731','jessca.gideon2024@uscfmzumbe.ac.tz','',1,0,0),(30,'',NULL,'charles.omary','2024-10-27 13:33:17.618397','CHARLES','','OMARY','M','689616686','charles.omary2024@uscfmzumbe.ac.tz','',1,0,0),(31,'',NULL,'kiharath.zuita','2024-10-27 13:33:17.618397','KIHARATH','','ZUITA','M','625009268','kiharath.zuita2024@uscfmzumbe.ac.tz','',1,0,0),(32,'',NULL,'loina.michael','2024-10-27 13:33:17.634877','LOINA','','MICHAEL','F','765873426','loina.michael2024@uscfmzumbe.ac.tz','',1,0,0),(33,'',NULL,'dorice.edson','2024-10-27 13:33:17.651655','DORICE','','EDSON','F','652053724','dorice.edson2024@uscfmzumbe.ac.tz','',1,0,0),(34,'',NULL,'angel.mulamuzi','2024-10-27 13:33:17.651655','ANGEL','KARUNGI','MULAMUZI','F','784080824','angel.mulamuzi2024@uscfmzumbe.ac.tz','',1,0,0),(35,'',NULL,'heavenlight.mushi','2024-10-27 13:33:17.668287','HEAVENLIGHT','EMMANUEL','MUSHI','F','695704770','heavenlight.mushi2024@uscfmzumbe.ac.tz','',1,0,0),(36,'',NULL,'amos.mbilinyi','2024-10-27 13:33:17.668287','AMOS','FRANK','MBILINYI','M','627511271','amos.mbilinyi2024@uscfmzumbe.ac.tz','',1,0,0),(37,'',NULL,'gloria.mtelesi','2024-10-27 13:33:17.687643','GLORIA','FIXON','MTELESI','F','653692163','gloria.mtelesi2024@uscfmzumbe.ac.tz','',1,0,0),(38,'',NULL,'gladness.mwacha','2024-10-27 13:33:17.695727','GLADNESS','A','MWACHA','F','745564345','gladness.mwacha2024@uscfmzumbe.ac.tz','',1,0,0),(39,'',NULL,'emmanuel.eliya','2024-10-27 13:33:17.701551','EMMANUEL','','ELIYA','M','759791612','emmanuel.eliya2024@uscfmzumbe.ac.tz','',1,0,0),(40,'',NULL,'ishimwe.enock','2024-10-27 13:33:17.701551','ISHIMWE','','ENOCK','F','743121745','ishimwe.enock2024@uscfmzumbe.ac.tz','',1,0,0),(41,'',NULL,'joyce.jackson','2024-10-27 13:33:17.718424','JOYCE','','JACKSON','F','615198590','joyce.jackson2024@uscfmzumbe.ac.tz','',1,0,0),(42,'',NULL,'alone.antony','2024-10-27 13:33:17.718424','ALONE','','ANTONY','M','675652719','alone.antony2024@uscfmzumbe.ac.tz','',1,0,0),(43,'',NULL,'abia.daniel','2024-10-27 13:33:17.734848','ABIA','','DANIEL','M','783072144','abia.daniel2024@uscfmzumbe.ac.tz','',1,0,0),(44,'',NULL,'amos.charles','2024-10-27 13:33:17.734848','AMOS','','CHARLES','M','781191478','amos.charles2024@uscfmzumbe.ac.tz','',1,0,0),(45,'',NULL,'joel.mramba','2024-10-27 13:33:17.757160','JOEL','','MRAMBA','M','657272719','joel.mramba2024@uscfmzumbe.ac.tz','',1,0,0),(46,'',NULL,'saramina.mathias','2024-10-27 13:33:17.765160','SARAMINA','','MATHIAS','F','747413803','saramina.mathias2024@uscfmzumbe.ac.tz','',1,0,0),(47,'',NULL,'jovina.johnson','2024-10-27 13:33:17.768300','JOVINA','','JOHNSON','F','614553395','jovina.johnson2024@uscfmzumbe.ac.tz','',1,0,0),(48,'',NULL,'obed.shoo','2024-10-27 13:33:17.768300','OBED','','SHOO','M','772721866','obed.shoo2024@uscfmzumbe.ac.tz','',1,0,0),(50,'',NULL,'aneth.anderson','2024-10-27 13:33:17.792158','ANETH','','ANDERSON','F','746703435','aneth.anderson2024@uscfmzumbe.ac.tz','',1,0,0),(51,'',NULL,'marietha.mgome','2024-10-27 13:33:17.801599','MARIETHA','','MGOME','F','617448285','marietha.mgome2024@uscfmzumbe.ac.tz','',1,0,0),(52,'',NULL,'naomy.audax','2024-10-27 13:33:17.801599','NAOMY','','AUDAX','F','780525320','naomy.audax2024@uscfmzumbe.ac.tz','',1,0,0),(53,'',NULL,'yusta.mwakatika','2024-10-27 13:33:17.818934','YUSTA','','MWAKATIKA','F','760097005','yusta.mwakatika2024@uscfmzumbe.ac.tz','',1,0,0),(54,'',NULL,'ziada.mlonganile','2024-10-27 13:33:17.827560','ZIADA','','MLONGANILE','F','772943351','ziada.mlonganile2024@uscfmzumbe.ac.tz','',1,0,0),(55,'',NULL,'sharon.kaaya','2024-10-27 13:33:17.834943','SHARON','OMBENI','KAAYA','F','762445771','sharon.kaaya2024@uscfmzumbe.ac.tz','',1,0,0),(56,'',NULL,'steve.wilson','2024-10-27 13:33:17.834943','STEVE','','WILSON','M','672331760','steve.wilson2024@uscfmzumbe.ac.tz','',1,0,0),(57,'',NULL,'junior.julius','2024-10-27 13:33:17.851446','JUNIOR','','JULIUS','M','755217346','junior.julius2024@uscfmzumbe.ac.tz','',1,0,0),(58,'',NULL,'angel.martin','2024-10-27 13:33:17.851446','ANGEL','','MARTIN','F','758422865','angel.martin2024@uscfmzumbe.ac.tz','',1,0,0),(59,'',NULL,'jonas.mwakabungu','2024-10-27 13:33:17.868381','JONAS','','MWAKABUNGU','M','763047384','jonas.mwakabungu2024@uscfmzumbe.ac.tz','',1,0,0),(60,'',NULL,'frank.thomas','2024-10-27 13:33:17.868381','FRANK','','THOMAS','M','756794425','frank.thomas2024@uscfmzumbe.ac.tz','',1,0,0),(61,'',NULL,'santael.elvis','2024-10-27 13:33:17.888878','SANTAEL','','ELVIS','M','750866000','santael.elvis2024@uscfmzumbe.ac.tz','',1,0,0),(62,'',NULL,'susan.shigela','2024-10-27 13:33:17.897387','SUSAN','','SHIGELA','F','700000001','susan.shigela2024@uscfmzumbe.ac.tz','',1,0,0),(63,'',NULL,'kirisanta.allen','2024-10-27 13:33:17.901698','KIRISANTA','','ALLEN','F','683027159','kirisanta.allen2024@uscfmzumbe.ac.tz','',1,0,0),(64,'',NULL,'milembe.maduhu','2024-10-27 13:33:17.901698','MILEMBE','','MADUHU','F','760045722','milembe.maduhu2024@uscfmzumbe.ac.tz','',1,0,0),(65,'',NULL,'luka.mgaya','2024-10-27 13:33:17.918318','LUKA','','MGAYA','M','760057555','luka.mgaya2024@uscfmzumbe.ac.tz','',1,0,0),(66,'',NULL,'elizabeth.fundi','2024-10-27 13:33:17.918318','ELIZABETH','','FUNDI','F','719776369','elizabeth.fundi2024@uscfmzumbe.ac.tz','',1,0,0),(67,'',NULL,'robert.yesaya','2024-10-27 13:33:17.935026','ROBERT','','YESAYA','M','700000001','robert.yesaya2024@uscfmzumbe.ac.tz','',1,0,0),(68,'',NULL,'bunzal.mbasa','2024-10-27 13:33:17.951506','BUNZAL','','MBASA','M','614111551','bunzal.mbasa2024@uscfmzumbe.ac.tz','',1,0,0),(69,'',NULL,'bahati.eliya','2024-10-27 13:33:17.961503','BAHATI','','ELIYA','F','719487736','bahati.eliya2024@uscfmzumbe.ac.tz','',1,0,0),(70,'',NULL,'faraja.mizihwi','2024-10-27 13:33:17.968486','FARAJA','','MIZIHWI','F','682912812','faraja.mizihwi2024@uscfmzumbe.ac.tz','',1,0,0),(71,'',NULL,'mariam.mzava','2024-10-27 13:33:17.968486','MARIAM','','MZAVA','F','747724383','mariam.mzava2024@uscfmzumbe.ac.tz','',1,0,0),(72,'',NULL,'albright.mzava','2024-10-27 13:33:17.984950','ALBRIGHT','','MZAVA','M','658856499','albright.mzava2024@uscfmzumbe.ac.tz','',1,0,0),(73,'',NULL,'onesmo.nelson','2024-10-27 13:33:17.992456','ONESMO','','NELSON','','787306886','onesmo.nelson2024@uscfmzumbe.ac.tz','',1,0,0),(74,'',NULL,'gift.emmanuel','2024-10-27 13:33:18.001636','GIFT','','EMMANUEL','M','696707863','gift.emmanuel2024@uscfmzumbe.ac.tz','',1,0,0),(75,'',NULL,'lameck.mtale','2024-10-27 13:33:18.001636','LAMECK','','MTALE','M','785349967','lameck.mtale2024@uscfmzumbe.ac.tz','',1,0,0),(76,'',NULL,'magreth.daud','2024-10-27 13:33:18.021877','MAGRETH','','DAUD','F','677705253','magreth.daud2024@uscfmzumbe.ac.tz','',1,0,0),(77,'',NULL,'baraka.makocho','2024-10-27 13:33:18.029875','BARAKA','','MAKOCHO','M','789975212','baraka.makocho2024@uscfmzumbe.ac.tz','',1,0,0),(78,'',NULL,'francis.meibuko','2024-10-27 13:33:18.035000','FRANCIS','','MEIBUKO','M','699504329','francis.meibuko2024@uscfmzumbe.ac.tz','',1,0,0),(79,'',NULL,'medson.mwakayoke','2024-10-27 13:33:18.035000','MEDSON','','MWAKAYOKE','M','619509010','medson.mwakayoke2024@uscfmzumbe.ac.tz','',1,0,0),(80,'',NULL,'jenipha.mbogela','2024-10-27 13:33:18.051600','JENIPHA','','MBOGELA','F','743056070','jenipha.mbogela2024@uscfmzumbe.ac.tz','',1,0,0),(81,'',NULL,'angel.lupara','2024-10-27 13:33:18.051600','ANGEL','','LUPARA','F','676911877','angel.lupara2024@uscfmzumbe.ac.tz','',1,0,0),(82,'',NULL,'georgina.george','2024-10-27 13:33:18.068331','GEORGINA','','GEORGE','F','618708794','georgina.george2024@uscfmzumbe.ac.tz','',1,0,0),(83,'',NULL,'angel.malisa','2024-10-27 13:33:18.068331','ANGEL','','MALISA','F','677740616','angel.malisa2024@uscfmzumbe.ac.tz','',1,0,0),(84,'',NULL,'sarah.joshua','2024-10-27 13:33:18.090836','SARAH','','JOSHUA','F','717618394','sarah.joshua2024@uscfmzumbe.ac.tz','',1,0,0),(85,'',NULL,'alias.sandy','2024-10-27 13:33:18.098542','ALIAS','','SANDY','F','687788959','alias.sandy2024@uscfmzumbe.ac.tz','',1,0,0),(86,'',NULL,'jane.hope','2024-10-27 13:33:18.101844','JANE','','HOPE','F','768840892','jane.hope2024@uscfmzumbe.ac.tz','',1,0,0),(87,'',NULL,'good.christopher','2024-10-27 13:33:18.101844','GOOD','','CHRISTOPHER','M','769262209','good.christopher2024@uscfmzumbe.ac.tz','',1,0,0),(88,'',NULL,'amos.masasi','2024-10-27 13:33:18.118262','AMOS','','MASASI','M','786612942','amos.masasi2024@uscfmzumbe.ac.tz','',1,0,0),(89,'',NULL,'julieth.mutungi','2024-10-27 13:33:18.133754','JULIETH','','MUTUNGI','F','624156152','julieth.mutungi2024@uscfmzumbe.ac.tz','',1,0,0),(90,'',NULL,'elizabeth.makanta','2024-10-27 13:33:18.134940','ELIZABETH','','MAKANTA','F','717007297','elizabeth.makanta2024@uscfmzumbe.ac.tz','',1,0,0),(91,'',NULL,'erick.richard','2024-10-27 13:33:18.151529','ERICK','','RICHARD','M','617869310','erick.richard2024@uscfmzumbe.ac.tz','',1,0,0),(92,'',NULL,'gloria.nyagawa','2024-10-27 13:33:18.159569','GLORIA','','NYAGAWA','F','761679922','gloria.nyagawa2024@uscfmzumbe.ac.tz','',1,0,0),(93,'',NULL,'angelina.shayo','2024-10-27 13:33:18.168206','ANGELINA','','SHAYO','F','698898341','angelina.shayo2024@uscfmzumbe.ac.tz','',1,0,0),(94,'',NULL,'esther.laurence','2024-10-27 13:33:18.168206','ESTHER','','LAURENCE','F','757988115','esther.laurence2024@uscfmzumbe.ac.tz','',1,0,0),(95,'',NULL,'mariam.dotto','2024-10-27 13:33:18.184805','MARIAM','','DOTTO','F','758385700','mariam.dotto2024@uscfmzumbe.ac.tz','',1,0,0),(96,'',NULL,'peter.lipasyo','2024-10-27 13:33:18.192342','PETER','M','LIPASYO','M','658889214','peter.lipasyo2024@uscfmzumbe.ac.tz','',1,0,0),(97,'',NULL,'nyangusi.mollel','2024-10-27 13:33:18.201331','NYANGUSI','','MOLLEL','M','765104787','nyangusi.mollel2024@uscfmzumbe.ac.tz','',1,0,0),(98,'',NULL,'patricia.masanja','2024-10-27 13:33:18.201331','PATRICIA','','MASANJA','F','749695708','patricia.masanja2024@uscfmzumbe.ac.tz','',1,0,0),(99,'',NULL,'lisa.martin','2024-10-27 13:33:18.220881','LISA','','MARTIN','F','752322563','lisa.martin2024@uscfmzumbe.ac.tz','',1,0,0),(100,'',NULL,'grace.mtenzi','2024-10-27 13:33:18.228879','GRACE','','MTENZI','F','781968899','grace.mtenzi2024@uscfmzumbe.ac.tz','',1,0,0),(101,'',NULL,'dismas.mbilinyi','2024-10-27 13:33:18.237495','DISMAS','','MBILINYI','M','787500904','dismas.mbilinyi2024@uscfmzumbe.ac.tz','',1,0,0),(102,'',NULL,'daniel.fanuel','2024-10-27 13:33:18.245453','DANIEL','G','FANUEL','','785290920','daniel.fanuel2024@uscfmzumbe.ac.tz','',1,0,0),(103,'',NULL,'nsajigwa.ngobile','2024-10-27 13:33:18.254335','NSAJIGWA','E','NGOBILE','M','743029253','nsajigwa.ngobile2024@uscfmzumbe.ac.tz','',1,0,0),(104,'',NULL,'joseph.philipo','2024-10-27 13:33:18.262335','JOSEPH','','PHILIPO','M','719941931','joseph.philipo2024@uscfmzumbe.ac.tz','',1,0,0),(105,'',NULL,'maria.godbless','2024-10-27 13:33:18.268069','MARIA','','GODBLESS','F','616036062','maria.godbless2024@uscfmzumbe.ac.tz','',1,0,0),(106,'',NULL,'methusela.naftary','2024-10-27 13:33:18.268069','METHUSELA','','NAFTARY','M','619533683','methusela.naftary2024@uscfmzumbe.ac.tz','',1,0,0),(107,'',NULL,'karen.nyagawa','2024-10-27 13:33:18.287324','KAREN','','NYAGAWA','F','746726079','karen.nyagawa2024@uscfmzumbe.ac.tz','',1,0,0),(108,'',NULL,'japhet.msese','2024-10-27 13:33:18.295536','JAPHET','','MSESE','M','743044220','japhet.msese2024@uscfmzumbe.ac.tz','',1,0,0),(109,'',NULL,'joshua.paulo','2024-10-27 13:33:18.303656','JOSHUA','','PAULO','M','695251293','joshua.paulo2024@uscfmzumbe.ac.tz','',1,0,0),(110,'',NULL,'vanes.faraja','2024-10-27 13:33:18.311007','VANES','','FARAJA','F','615505332','vanes.faraja2024@uscfmzumbe.ac.tz','',1,0,0),(111,'',NULL,'pius.ernest','2024-10-27 13:33:18.320565','PIUS','','ERNEST','M','684800357','pius.ernest2024@uscfmzumbe.ac.tz','',1,0,0),(112,'',NULL,'jackline.said','2024-10-27 13:33:18.329117','JACKLINE','','SAID','F','719878897','jackline.said2024@uscfmzumbe.ac.tz','',1,0,0),(113,'',NULL,'felista.james','2024-10-27 13:33:18.334740','FELISTA','','JAMES','F','764425476','felista.james2024@uscfmzumbe.ac.tz','',1,0,0),(114,'',NULL,'adela.magina','2024-10-27 13:33:18.353511','ADELA','','MAGINA','F','678119893','adela.magina2024@uscfmzumbe.ac.tz','',1,0,0),(115,'',NULL,'eniva.msosa','2024-10-27 13:33:18.362941','ENIVA','','MSOSA','F','715140445','eniva.msosa2024@uscfmzumbe.ac.tz','',1,0,0),(116,'',NULL,'bryan.moses','2024-10-27 13:33:18.372250','BRYAN','JUNIOR','MOSES','M','767571633','bryan.moses2024@uscfmzumbe.ac.tz','',1,0,0),(117,'',NULL,'neight.nelson','2024-10-27 13:33:18.379462','NEIGHT','','NELSON','F','745938909','neight.nelson2024@uscfmzumbe.ac.tz','',1,0,0),(118,'',NULL,'ester.maeda','2024-10-27 13:33:18.383594','ESTER','','MAEDA','F','655085122','ester.maeda2024@uscfmzumbe.ac.tz','',1,0,0),(119,'',NULL,'neema.mwaisangu','2024-10-27 13:33:18.392601','NEEMA','','MWAISANGU','F','760059525','neema.mwaisangu2024@uscfmzumbe.ac.tz','',1,0,0),(120,'',NULL,'yohana.mathayo','2024-10-27 13:33:18.401373','YOHANA','','MATHAYO','M','716176463','yohana.mathayo2024@uscfmzumbe.ac.tz','',1,0,0),(121,'',NULL,'anold.ngailo','2024-10-27 13:33:18.401373','ANOLD','','NGAILO','M','680892938','anold.ngailo2024@uscfmzumbe.ac.tz','',1,0,0),(122,'',NULL,'modester.patrick','2024-10-27 13:33:18.422724','MODESTER','','PATRICK','F','712431402','modester.patrick2024@uscfmzumbe.ac.tz','',1,0,0),(123,'',NULL,'fred.ambrose','2024-10-27 13:33:18.430768','FRED','','AMBROSE','M','765660472','fred.ambrose2024@uscfmzumbe.ac.tz','',1,0,0),(124,'',NULL,'gradness.salingo','2024-10-27 13:33:18.438957','GRADNESS','','SALINGO','F','621568091','gradness.salingo2024@uscfmzumbe.ac.tz','',1,0,0),(125,'',NULL,'sekela.mfugale','2024-10-27 13:33:18.446956','SEKELA','HERY','MFUGALE','F','716549022','sekela.mfugale2024@uscfmzumbe.ac.tz','',1,0,0),(126,'',NULL,'edisa.jokely','2024-10-27 13:33:18.450216','EDISA','LUPINA','JOKELY','F','760220372','edisa.jokely2024@uscfmzumbe.ac.tz','',1,0,0),(127,'',NULL,'rahel.lifa','2024-10-27 13:33:18.450216','RAHEL','MUSA','LIFA','F','763133552','rahel.lifa2024@uscfmzumbe.ac.tz','',1,0,0),(128,'',NULL,'abona.mtashobya','2024-10-27 13:33:18.468005','ABONA','','MTASHOBYA','F','781871619','abona.mtashobya2024@uscfmzumbe.ac.tz','',1,0,0),(129,'',NULL,'brandina.rogeth','2024-10-27 13:33:18.468005','BRANDINA','','ROGETH','F','774739505','brandina.rogeth2024@uscfmzumbe.ac.tz','',1,0,0),(130,'',NULL,'jackline.mmuru','2024-10-27 13:33:18.488937','JACKLINE','','MMURU','F','786305740','jackline.mmuru2024@uscfmzumbe.ac.tz','',1,0,0),(131,'',NULL,'judith.emanuel','2024-10-27 13:33:18.496448','JUDITH','','EMANUEL','F','688981421','judith.emanuel2024@uscfmzumbe.ac.tz','',1,0,0),(132,'',NULL,'mawazo.charles','2024-10-27 13:33:18.504891','MAWAZO','','CHARLES','M','653745011','mawazo.charles2024@uscfmzumbe.ac.tz','',1,0,0),(133,'',NULL,'anastazia.daudi','2024-10-27 13:33:18.512891','ANASTAZIA','','DAUDI','F','762711482','anastazia.daudi2024@uscfmzumbe.ac.tz','',1,0,0),(134,'',NULL,'martha.deus','2024-10-27 13:33:18.516891','MARTHA','','DEUS','F','615902557','martha.deus2024@uscfmzumbe.ac.tz','',1,0,0),(135,'',NULL,'gloria.mnama','2024-10-27 13:33:18.531897','GLORIA','SIMON','MNAMA','F','746443636','gloria.mnama2024@uscfmzumbe.ac.tz','',1,0,0),(136,'',NULL,'laura.mambosho','2024-10-27 13:33:18.534574','LAURA','','MAMBOSHO','F','687045299','laura.mambosho2024@uscfmzumbe.ac.tz','',1,0,0),(137,'',NULL,'lugano.mwakapuku','2024-10-27 13:33:18.534574','Lugano','Emmanuel','Mwakapuku','M','762506012','lugano.mwakapuku2024@uscfmzumbe.ac.tz','',1,0,0),(138,'',NULL,'hilary.andrew','2024-10-27 13:33:18.556718','HILARY','','ANDREW','M','626091550','hilary.andrew2024@uscfmzumbe.ac.tz','',1,0,0),(139,'',NULL,'felista.sauros','2024-10-27 13:33:18.564718','FELISTA','','SAUROS','F','764425476','felista.sauros2024@uscfmzumbe.ac.tz','',1,0,0),(140,'',NULL,'zambeli.filemon','2024-10-27 13:33:18.576861','ZAMBELI','','FILEMON','F','760046418','zambeli.filemon2024@uscfmzumbe.ac.tz','',1,0,0),(141,'',NULL,'neema.kasembe','2024-10-27 13:33:18.583525','NEEMA','','KASEMBE','F','764617800','neema.kasembe2024@uscfmzumbe.ac.tz','',1,0,0),(142,'',NULL,'dari0.mlikiwe','2024-10-27 13:33:18.598540','DARI0','','MLIKIWE','F','758643712','dari0.mlikiwe2024@uscfmzumbe.ac.tz','',1,0,0),(143,'',NULL,'irene.sam','2024-10-27 13:33:18.601346','IRENE','','SAM','F','759309276','irene.sam2024@uscfmzumbe.ac.tz','',1,0,0),(144,'',NULL,'winfrida.zephania','2024-10-27 13:33:18.623708','WINFRIDA','','ZEPHANIA','F','755213556','winfrida.zephania2024@uscfmzumbe.ac.tz','',1,0,0),(145,'',NULL,'anold.godfrey','2024-10-27 13:33:18.635598','ANOLD','','GODFREY','M','617710075','anold.godfrey2024@uscfmzumbe.ac.tz','',1,0,0),(146,'',NULL,'anne.omary','2024-10-27 13:33:18.643603','ANNE','','OMARY','F','653699180','anne.omary2024@uscfmzumbe.ac.tz','',1,0,0),(147,'',NULL,'anna.swai','2024-10-27 13:33:18.650208','ANNA','','SWAI','F','673375480','anna.swai2024@uscfmzumbe.ac.tz','',1,0,0),(148,'',NULL,'ester.kaweya','2024-10-27 13:33:18.650208','ESTER','','KAWEYA','F','615252156','ester.kaweya2024@uscfmzumbe.ac.tz','',1,0,0),(149,'',NULL,'vaileth.jacob','2024-10-27 13:33:18.667921','VAILETH','','JACOB','F','711457871','vaileth.jacob2024@uscfmzumbe.ac.tz','',1,0,0),(150,'',NULL,'brightness.geofrey','2024-10-27 13:33:18.667921','BRIGHTNESS','','GEOFREY','F','788099811','brightness.geofrey2024@uscfmzumbe.ac.tz','',1,0,0),(151,'',NULL,'noela.fadhili','2024-10-27 13:33:18.687535','NOELA','','FADHILI','F','748133594','noela.fadhili2024@uscfmzumbe.ac.tz','',1,0,0),(152,'',NULL,'alice.abraham','2024-10-27 13:33:18.695242','ALICE','','ABRAHAM','F','787427991','alice.abraham2024@uscfmzumbe.ac.tz','',1,0,0),(153,'',NULL,'francis.clemence','2024-10-27 13:33:18.704078','FRANCIS','','CLEMENCE','M','717823297','francis.clemence2024@uscfmzumbe.ac.tz','',1,0,0),(154,'',NULL,'sara.kivulenge','2024-10-27 13:33:18.712093','SARA','RICHARD','KIVULENGE','F','685248786','sara.kivulenge2024@uscfmzumbe.ac.tz','',1,0,0),(155,'',NULL,'sophia.ikomba','2024-10-27 13:33:18.716916','SOPHIA','ERNEST','IKOMBA','F','747522601','sophia.ikomba2024@uscfmzumbe.ac.tz','',1,0,0),(156,'',NULL,'irene.kinyamasongo','2024-10-27 13:33:18.716916','IRENE','','KINYAMASONGO','F','657582869','irene.kinyamasongo2024@uscfmzumbe.ac.tz','',1,0,0),(157,'',NULL,'charles.mgohachi','2024-10-27 13:33:18.734760','CHARLES','S','MGOHACHI','M','716357172','charles.mgohachi2024@uscfmzumbe.ac.tz','',1,0,0),(158,'',NULL,'gracious.mhoka','2024-10-27 13:33:18.734760','GRACIOUS','O','MHOKA','F','752964824','gracious.mhoka2024@uscfmzumbe.ac.tz','',1,0,0),(159,'',NULL,'medson.nominate','2024-10-27 13:33:18.753162','MEDSON','','NOMINATE','M','619509010','medson.nominate2024@uscfmzumbe.ac.tz','',1,0,0),(160,'',NULL,'john.masebo','2024-10-27 13:33:18.761167','JOHN','','MASEBO','M','764864210','john.masebo2024@uscfmzumbe.ac.tz','',1,0,0),(161,'',NULL,'gabriel.ngawala','2024-10-27 13:33:18.769653','GABRIEL','','NGAWALA','M','695608802','gabriel.ngawala2024@uscfmzumbe.ac.tz','',1,0,0),(162,'',NULL,'regina.lazaro','2024-10-27 13:33:18.777984','REGINA','','LAZARO','F','69616034','regina.lazaro2024@uscfmzumbe.ac.tz','',1,0,0),(163,'',NULL,'emmanuel.joseph','2024-10-27 13:33:18.783591','EMMANUEL','','JOSEPH','M','688451464','emmanuel.joseph2024@uscfmzumbe.ac.tz','',1,0,0),(164,'',NULL,'angel.lupula','2024-10-27 13:33:18.792626','ANGEL','','LUPULA','F','676911877','angel.lupula2024@uscfmzumbe.ac.tz','',1,0,0),(165,'',NULL,'allen.revocatus','2024-10-27 13:33:18.801334','ALLEN','','REVOCATUS','M','694288175','allen.revocatus2024@uscfmzumbe.ac.tz','',1,0,0),(166,'',NULL,'paulo.nyakilizu','2024-10-27 13:33:18.801334','PAULO','ENOS','NYAKILIZU','M','747825893','paulo.nyakilizu2024@uscfmzumbe.ac.tz','',1,0,0),(167,'',NULL,'sara.mazingo','2024-10-27 13:33:18.820623','SARA','JOSHUA','MAZINGO','F','717618394','sara.mazingo2024@uscfmzumbe.ac.tz','',1,0,0),(168,'',NULL,'obadia.mpolo','2024-10-27 13:33:18.828621','OBADIA','FRED','MPOLO','M','784817996','obadia.mpolo2024@uscfmzumbe.ac.tz','',1,0,0),(169,'',NULL,'nelly.mbughi','2024-10-27 13:33:18.837193','NELLY','E','MBUGHI','F','756305410','nelly.mbughi2024@uscfmzumbe.ac.tz','',1,0,0),(170,'',NULL,'revice.ciprian','2024-10-27 13:33:18.845199','REVICE','T','CIPRIAN','M','618388544','revice.ciprian2024@uscfmzumbe.ac.tz','',1,0,0),(171,'',NULL,'jessca.reuben','2024-10-27 13:33:18.850199','JESSCA','','REUBEN','F','778106123','jessca.reuben2024@uscfmzumbe.ac.tz','',1,0,0),(172,'',NULL,'rahel.saguda','2024-10-27 13:33:18.850199','RAHEL','','SAGUDA','F','772252813','rahel.saguda2024@uscfmzumbe.ac.tz','',1,0,0),(173,'',NULL,'catherine.avit','2024-10-27 13:33:18.867942','CATHERINE','FABIO','AVIT','F','781252857','catherine.avit2024@uscfmzumbe.ac.tz','',1,0,0),(174,'',NULL,'steven.nkya','2024-10-27 13:33:18.884683','STEVEN','T','NKYA','','616330616','steven.nkya2024@uscfmzumbe.ac.tz','',1,0,0),(175,'',NULL,'witness.msigala','2024-10-27 13:33:18.892555','WITNESS','','MSIGALA','F','746947513','witness.msigala2024@uscfmzumbe.ac.tz','',1,0,0),(176,'',NULL,'beatrice.godfrey','2024-10-27 13:33:18.900727','BEATRICE','','GODFREY','F','686682282','beatrice.godfrey2024@uscfmzumbe.ac.tz','',1,0,0),(177,'',NULL,'atukuzwe.sanga','2024-10-27 13:33:18.908434','ATUKUZWE','','SANGA','F','617920141','atukuzwe.sanga2024@uscfmzumbe.ac.tz','',1,0,0),(178,'',NULL,'godfrey.ezekiel','2024-10-27 13:33:18.916859','Godfrey','Boniface','Ezekiel','M','756349779','godfrey.ezekiel2024@uscfmzumbe.ac.tz','',1,0,0),(179,'',NULL,'daniel.godson','2024-10-27 13:33:18.916859','DANIEL','','GODSON','M','786290920','daniel.godson2024@uscfmzumbe.ac.tz','',1,0,0),(180,'',NULL,'renatus.simon','2024-10-27 13:33:18.934843','RENATUS','','SIMON','M','764444968','renatus.simon2024@uscfmzumbe.ac.tz','',1,0,0),(181,'',NULL,'vaileth.samson','2024-10-27 13:33:18.934843','VAILETH','','SAMSON','F','710334460','vaileth.samson2024@uscfmzumbe.ac.tz','',1,0,0),(182,'',NULL,'agnes.chanai','2024-10-27 13:33:18.951581','AGNES','JOSEPH','CHANAI','F','694734798','agnes.chanai2024@uscfmzumbe.ac.tz','',1,0,0),(183,'',NULL,'agnes.andrea','2024-10-27 13:33:18.959782','AGNES','ABRAHAM','ANDREA','F','626190095','agnes.andrea2024@uscfmzumbe.ac.tz','',1,0,0),(184,'',NULL,'mariam.mussa','2024-10-27 13:33:18.967283','MARIAM','','MUSSA','F','758281024','mariam.mussa2024@uscfmzumbe.ac.tz','',1,0,0),(185,'',NULL,'january.elias','2024-10-27 13:33:18.975920','JANUARY','M','ELIAS','M','749291754','january.elias2024@uscfmzumbe.ac.tz','',1,0,0),(186,'',NULL,'nembrice.kivuyo','2024-10-27 13:33:18.983556','NEMBRICE','P','KIVUYO','F','679355604','nembrice.kivuyo2024@uscfmzumbe.ac.tz','',1,0,0),(187,'',NULL,'maurine.kanza','2024-10-27 13:33:18.992563','MAURINE','H','KANZA','F','615352540','maurine.kanza2024@uscfmzumbe.ac.tz','',1,0,0),(188,'',NULL,'joseph.samwel','2024-10-27 13:33:19.001275','JOSEPH','','SAMWEL','M','714694018','joseph.samwel2024@uscfmzumbe.ac.tz','',1,0,0),(189,'',NULL,'neema.kwayu','2024-10-27 13:33:19.001275','NEEMA','','KWAYU','F','679387841','neema.kwayu2024@uscfmzumbe.ac.tz','',1,0,0),(190,'',NULL,'riziki.bugange','2024-10-27 13:33:19.017571','RIZIKI','A','BUGANGE','M','758492194','riziki.bugange2024@uscfmzumbe.ac.tz','',1,0,0),(191,'',NULL,'felista.isack','2024-10-27 13:33:19.026126','FELISTA','','ISACK','F','617899963','felista.isack2024@uscfmzumbe.ac.tz','',1,0,0),(192,'',NULL,'miriam.mhagama','2024-10-27 13:33:19.034003','MIRIAM','','MHAGAMA','F','622490654','miriam.mhagama2024@uscfmzumbe.ac.tz','',1,0,0),(193,'',NULL,'agripina.mwakyusa','2024-10-27 13:33:19.041851','AGRIPINA','E','MWAKYUSA','F','698084461','agripina.mwakyusa2024@uscfmzumbe.ac.tz','',1,0,0),(194,'',NULL,'petro.mwanja','2024-10-27 13:33:19.048852','PETRO','A','MWANJA','M','659105791','petro.mwanja2024@uscfmzumbe.ac.tz','',1,0,0),(195,'',NULL,'mercy.lugala','2024-10-27 13:33:19.050170','MERCY','S','LUGALA','F','748668595','mercy.lugala2024@uscfmzumbe.ac.tz','',1,0,0),(196,'',NULL,'annastazia.machibya','2024-10-27 13:33:19.065796','ANNASTAZIA','','MACHIBYA','F','761498717','annastazia.machibya2024@uscfmzumbe.ac.tz','',1,0,0),(197,'',NULL,'glory.festo','2024-10-27 13:33:19.067907','GLORY','','FESTO','F','760329412','glory.festo2024@uscfmzumbe.ac.tz','',1,0,0),(198,'',NULL,'evaline.willy','2024-10-27 13:33:19.083590','EVALINE','','WILLY','F','753172398','evaline.willy2024@uscfmzumbe.ac.tz','',1,0,0),(199,'',NULL,'hawa.peter','2024-10-27 13:33:19.091484','HAWA','','PETER','F','783976597','hawa.peter2024@uscfmzumbe.ac.tz','',1,0,0),(200,'',NULL,'suzana.saigela','2024-10-27 13:33:19.099717','SUZANA','','SAIGELA','F','755294810','suzana.saigela2024@uscfmzumbe.ac.tz','',1,0,0),(201,'',NULL,'irene.samwel','2024-10-27 13:33:19.108469','IRENE','','SAMWEL','F','762609518','irene.samwel2024@uscfmzumbe.ac.tz','',1,0,0),(202,'',NULL,'anna.shoo','2024-10-27 13:33:19.115469','ANNA','','SHOO','F','762676429','anna.shoo2024@uscfmzumbe.ac.tz','',1,0,0),(203,'',NULL,'martina.arthur','2024-10-27 13:33:19.116889','MARTINA','','ARTHUR','F','652500130','martina.arthur2024@uscfmzumbe.ac.tz','',1,0,0),(204,'',NULL,'debora.japhet','2024-10-27 13:33:19.132516','DEBORA','','JAPHET','F','783408678','debora.japhet2024@uscfmzumbe.ac.tz','',1,0,0),(205,'',NULL,'sebastian.steven','2024-10-27 13:33:19.134674','SEBASTIAN','','STEVEN','M','685412451','sebastian.steven2024@uscfmzumbe.ac.tz','',1,0,0),(206,'',NULL,'lydia.metta','2024-10-27 13:33:19.149679','LYDIA','','METTA','F','652210064','lydia.metta2024@uscfmzumbe.ac.tz','',1,0,0),(207,'',NULL,'agape.dominic','2024-10-27 13:33:19.158278','AGAPE','','DOMINIC','F','692516715','agape.dominic2024@uscfmzumbe.ac.tz','',1,0,0),(208,'',NULL,'evelyne.james','2024-10-27 13:33:19.165278','EVELYNE','','JAMES','F','785353102','evelyne.james2024@uscfmzumbe.ac.tz','',1,0,0),(210,'',NULL,'juliana.mkalma','2024-10-27 13:33:19.173818','JULIANA','','MKALMA','F','693529937','juliana.mkalma2024@uscfmzumbe.ac.tz','',1,0,0),(211,'',NULL,'ester.emmanuel','2024-10-27 13:33:19.181823','ESTER','','EMMANUEL','F','680102300','ester.emmanuel2024@uscfmzumbe.ac.tz','',1,0,0),(212,'',NULL,'magdalena.emmanuel','2024-10-27 13:33:19.183525','MAGDALENA','','EMMANUEL','F','761615948','magdalena.emmanuel2024@uscfmzumbe.ac.tz','',1,0,0),(213,'',NULL,'neema.emelius','2024-10-27 13:33:19.200280','NEEMA','','EMELIUS','F','686249085','neema.emelius2024@uscfmzumbe.ac.tz','',1,0,0),(214,'',NULL,'alex.joel','2024-10-27 13:33:19.201282','ALEX','','JOEL','M','694716537','alex.joel2024@uscfmzumbe.ac.tz','',1,0,0),(215,'',NULL,'paul.william','2024-10-27 13:33:19.217980','PAUL','','WILLIAM','M','743153432','paul.william2024@uscfmzumbe.ac.tz','',1,0,0),(216,'',NULL,'mayunga.musa','2024-10-27 13:33:19.228980','MAYUNGA','','MUSA','M','759231269','mayunga.musa2024@uscfmzumbe.ac.tz','',1,0,0),(217,'',NULL,'jacob.lameck','2024-10-27 13:33:19.235712','JACOB','','LAMECK','M','688564401','jacob.lameck2024@uscfmzumbe.ac.tz','',1,0,0),(218,'',NULL,'anna.dameck','2024-10-27 13:33:19.252643','ANNA','','DAMECK','F','672125209','anna.dameck2024@uscfmzumbe.ac.tz','',1,0,0),(219,'',NULL,'aganyira.festo','2024-10-27 13:33:19.260914','AGANYIRA','','FESTO','F','748643643','aganyira.festo2024@uscfmzumbe.ac.tz','',1,0,0),(220,'',NULL,'zerada.festo','2024-10-27 13:33:19.269394','ZERADA','','FESTO','F','769928190','zerada.festo2024@uscfmzumbe.ac.tz','',1,0,0),(221,'',NULL,'laurence.bakari','2024-10-27 13:33:19.276394','LAURENCE','JOSIA','BAKARI','M','762010112','laurence.bakari2024@uscfmzumbe.ac.tz','',1,0,0),(222,'',NULL,'fred.kitomo','2024-10-27 13:33:19.283547','FRED','EMMANUEL','KITOMO','M','672287840','fred.kitomo2024@uscfmzumbe.ac.tz','',1,0,0),(223,'',NULL,'hilary.onesmo','2024-10-27 13:33:19.292554','HILARY','HENRY','ONESMO','M','626091550','hilary.onesmo2024@uscfmzumbe.ac.tz','',1,0,0),(224,'',NULL,'agrey.samwel','2024-10-27 13:33:19.301199','AGREY','','SAMWEL','M','686426700','agrey.samwel2024@uscfmzumbe.ac.tz','',1,0,0),(225,'',NULL,'erson.erick','2024-10-27 13:33:19.301199','ERSON','','ERICK','M','625245757','erson.erick2024@uscfmzumbe.ac.tz','',1,0,0),(226,'',NULL,'nollah.mwalukasa','2024-10-27 13:33:19.319187','NOLLAH','','MWALUKASA','M','767737462','nollah.mwalukasa2024@uscfmzumbe.ac.tz','',1,0,0),(227,'',NULL,'angel.bisenshoni','2024-10-27 13:33:19.327205','ANGEL','','BISENSHONI','F','785275042','angel.bisenshoni2024@uscfmzumbe.ac.tz','',1,0,0),(228,'',NULL,'shakira.bryson','2024-10-27 13:33:19.335765','SHAKIRA','','BRYSON','F','619098947','shakira.bryson2024@uscfmzumbe.ac.tz','',1,0,0),(229,'',NULL,'jane.mkoi','2024-10-27 13:33:19.343584','JANE','','MKOI','F','718620120','jane.mkoi2024@uscfmzumbe.ac.tz','',1,0,0),(230,'',NULL,'salama.mwanjira','2024-10-27 13:33:19.350995','SALAMA','','MWANJIRA','F','618191628','salama.mwanjira2024@uscfmzumbe.ac.tz','',1,0,0),(231,'',NULL,'thomas.john','2024-10-27 13:33:19.359093','THOMAS','','JOHN','M','618179264','thomas.john2024@uscfmzumbe.ac.tz','',1,0,0),(232,'',NULL,'anna.apolinali','2024-10-27 13:33:19.368040','ANNA','','APOLINALI','F','743436837','anna.apolinali2024@uscfmzumbe.ac.tz','',1,0,0),(233,'',NULL,'atupokile.emmanuel','2024-10-27 13:33:19.387290','ATUPOKILE','','EMMANUEL','F','744054950','atupokile.emmanuel2024@uscfmzumbe.ac.tz','',1,0,0),(234,'',NULL,'noela.raymond','2024-10-27 13:33:19.395102','NOELA','','RAYMOND','F','789653938','noela.raymond2024@uscfmzumbe.ac.tz','',1,0,0),(235,'',NULL,'junior.francis','2024-10-27 13:33:19.403805','JUNIOR','','FRANCIS','M','785861790','junior.francis2024@uscfmzumbe.ac.tz','',1,0,0),(236,'',NULL,'max.mlelwa','2024-10-27 13:33:19.411396','MAX','','MLELWA','M','614425092','max.mlelwa2024@uscfmzumbe.ac.tz','',1,0,0),(237,'',NULL,'happy.lokweni','2024-10-27 13:33:19.416865','HAPPY','','LOKWENI','','760030075','happy.lokweni2024@uscfmzumbe.ac.tz','',1,0,0),(238,'',NULL,'glory.goodluck','2024-10-27 13:33:19.416865','GLORY','','GOODLUCK','F','619220604','glory.goodluck2024@uscfmzumbe.ac.tz','',1,0,0),(239,'',NULL,'aidan.frank','2024-10-27 13:33:19.434691','AIDAN','','FRANK','M','760329954','aidan.frank2024@uscfmzumbe.ac.tz','',1,0,0),(240,'',NULL,'dioph.mwakyusa','2024-10-27 13:33:19.434691','DIOPH','','MWAKYUSA','M','697624577','dioph.mwakyusa2024@uscfmzumbe.ac.tz','',1,0,0),(241,'',NULL,'janeth.themistocles','2024-10-27 13:33:19.453080','JANETH','','THEMISTOCLES','F','672013168','janeth.themistocles2024@uscfmzumbe.ac.tz','',1,0,0),(242,'',NULL,'happiness.abdallah','2024-10-27 13:33:19.461115','HAPPINESS','','ABDALLAH','F','693971379','happiness.abdallah2024@uscfmzumbe.ac.tz','',1,0,0),(243,'',NULL,'witness.elias','2024-10-27 13:33:19.469507','WITNESS','','ELIAS','F','787490862','witness.elias2024@uscfmzumbe.ac.tz','',1,0,0),(244,'',NULL,'ester.shiyengo','2024-10-27 13:33:19.476752','ESTER','','SHIYENGO','F','742642134','ester.shiyengo2024@uscfmzumbe.ac.tz','',1,0,0),(245,'',NULL,'anastazia.malimu','2024-10-27 13:33:19.483601','ANASTAZIA','','MALIMU','F','745978482','anastazia.malimu2024@uscfmzumbe.ac.tz','',1,0,0),(246,'',NULL,'riziki.gervase','2024-10-27 13:33:19.492706','RIZIKI','','GERVASE','M','682095690','riziki.gervase2024@uscfmzumbe.ac.tz','',1,0,0),(247,'',NULL,'brian.ringo','2024-10-27 13:33:19.501339','BRIAN','JAMES','RINGO','M','748986057','brian.ringo2024@uscfmzumbe.ac.tz','',1,0,0),(248,'',NULL,'joshua.kabanga','2024-10-27 13:33:19.501339','JOSHUA','','KABANGA','M','659335929','joshua.kabanga2024@uscfmzumbe.ac.tz','',1,0,0);
/*!40000 ALTER TABLE `user` ENABLE KEYS */;
UNLOCK TABLES;

--
-- Table structure for table `user_groups`
--

DROP TABLE IF EXISTS `user_groups`;
/*!40101 SET @saved_cs_client     = @@character_set_client */;
/*!50503 SET character_set_client = utf8mb4 */;
CREATE TABLE `user_groups` (
  `id` bigint(20) NOT NULL AUTO_INCREMENT,
  `user_id` bigint(20) NOT NULL,
  `group_id` int(11) NOT NULL,
  PRIMARY KEY (`id`),
  UNIQUE KEY `registration_user_groups_user_id_group_id_a8be40d4_uniq` (`user_id`,`group_id`),
  KEY `registration_user_groups_group_id_7ef7f6fa_fk_auth_group_id` (`group_id`),
  CONSTRAINT `registration_user_gr_user_id_c9fcd85a_fk_registrat` FOREIGN KEY (`user_id`) REFERENCES `user` (`id`),
  CONSTRAINT `registration_user_groups_group_id_7ef7f6fa_fk_auth_group_id` FOREIGN KEY (`group_id`) REFERENCES `auth_group` (`id`)
) ENGINE=InnoDB DEFAULT CHARSET=latin1;
/*!40101 SET character_set_client = @saved_cs_client */;

--
-- Dumping data for table `user_groups`
--

LOCK TABLES `user_groups` WRITE;
/*!40000 ALTER TABLE `user_groups` DISABLE KEYS */;
/*!40000 ALTER TABLE `user_groups` ENABLE KEYS */;
UNLOCK TABLES;

--
-- Table structure for table `user_user_permissions`
--

DROP TABLE IF EXISTS `user_user_permissions`;
/*!40101 SET @saved_cs_client     = @@character_set_client */;
/*!50503 SET character_set_client = utf8mb4 */;
CREATE TABLE `user_user_permissions` (
  `id` bigint(20) NOT NULL AUTO_INCREMENT,
  `user_id` bigint(20) NOT NULL,
  `permission_id` int(11) NOT NULL,
  PRIMARY KEY (`id`),
  UNIQUE KEY `registration_user_user_p_user_id_permission_id_9c61983d_uniq` (`user_id`,`permission_id`),
  KEY `registration_user_us_permission_id_2f4f2f96_fk_auth_perm` (`permission_id`),
  CONSTRAINT `registration_user_us_permission_id_2f4f2f96_fk_auth_perm` FOREIGN KEY (`permission_id`) REFERENCES `auth_permission` (`id`),
  CONSTRAINT `registration_user_us_user_id_a68a0114_fk_registrat` FOREIGN KEY (`user_id`) REFERENCES `user` (`id`)
) ENGINE=InnoDB DEFAULT CHARSET=latin1;
/*!40101 SET character_set_client = @saved_cs_client */;

--
-- Dumping data for table `user_user_permissions`
--

LOCK TABLES `user_user_permissions` WRITE;
/*!40000 ALTER TABLE `user_user_permissions` DISABLE KEYS */;
/*!40000 ALTER TABLE `user_user_permissions` ENABLE KEYS */;
UNLOCK TABLES;
/*!40103 SET TIME_ZONE=@OLD_TIME_ZONE */;

/*!40101 SET SQL_MODE=@OLD_SQL_MODE */;
/*!40014 SET FOREIGN_KEY_CHECKS=@OLD_FOREIGN_KEY_CHECKS */;
/*!40014 SET UNIQUE_CHECKS=@OLD_UNIQUE_CHECKS */;
/*!40101 SET CHARACTER_SET_CLIENT=@OLD_CHARACTER_SET_CLIENT */;
/*!40101 SET CHARACTER_SET_RESULTS=@OLD_CHARACTER_SET_RESULTS */;
/*!40101 SET COLLATION_CONNECTION=@OLD_COLLATION_CONNECTION */;
/*!40111 SET SQL_NOTES=@OLD_SQL_NOTES */;

-- Dump completed on 2024-11-30 11:36:47
